ShoulderRight;0,2304184;0,2431923;1,57065
ElbowRight;0,2668792;-0,01149834;1,602904
WristRight;0,2698374;-0,2281014;1,52727
HandRight;0,253231;-0,2907417;1,502092
HandTipRight;0,2532654;-0,3766363;1,486941
ThumbRight;0,2924068;-0,2881969;1,493591
#
ShoulderRight;0,2304231;0,2431838;1,570636
ElbowRight;0,2668651;-0,01150593;1,60288
WristRight;0,2698371;-0,2278364;1,52738
HandRight;0,2532009;-0,2910626;1,502692
HandTipRight;0,2536905;-0,3767697;1,487079
ThumbRight;0,2923626;-0,3015249;1,485944
#
ShoulderRight;0,2303656;0,2431425;1,570466
ElbowRight;0,2667864;-0,01135333;1,602656
WristRight;0,269833;-0,2278471;1,527371
HandRight;0,2525843;-0,2908891;1,501209
HandTipRight;0,2522604;-0,3760859;1,485431
ThumbRight;0,2907502;-0,3062193;1,484419
#
ShoulderRight;0,2303474;0,2431241;1,570408
ElbowRight;0,2667683;-0,01128718;1,602627
WristRight;0,2698191;-0,2277038;1,527448
HandRight;0,2530429;-0,2910338;1,50288
HandTipRight;0,2531072;-0,3767648;1,486874
ThumbRight;0,2928877;-0,2539167;1,512455
#
ShoulderRight;0,2303203;0,2431062;1,570352
ElbowRight;0,266712;-0,01115594;1,602525
WristRight;0,2697917;-0,227675;1,527458
HandRight;0,2525;-0,2906715;1,501929
HandTipRight;0,2524323;-0,3762284;1,48513
ThumbRight;0,2902497;-0,3016501;1,483842
#
ShoulderRight;0,2303797;0,2431459;1,570334
ElbowRight;0,2666751;-0,01112065;1,602459
WristRight;0,2697757;-0,2276608;1,527444
HandRight;0,2523343;-0,2907596;1,501006
HandTipRight;0,2521483;-0,3759077;1,484735
ThumbRight;0,2903503;-0,3054276;1,483042
#
ShoulderRight;0,2303826;0,2431275;1,570327
ElbowRight;0,2666426;-0,01105941;1,602438
WristRight;0,2697656;-0,2276821;1,527429
HandRight;0,2525357;-0,2909094;1,501883
HandTipRight;0,2529157;-0,3764856;1,48577
ThumbRight;0,2903112;-0,30374;1,483236
#
ShoulderRight;0,230324;0,2430704;1,570186
ElbowRight;0,2665936;-0,01097979;1,602288
WristRight;0,2697387;-0,2277224;1,527364
HandRight;0,2524188;-0,2911202;1,501348
HandTipRight;0,2528615;-0,3758861;1,484136
ThumbRight;0,2901992;-0,3024072;1,483457
#
ShoulderRight;0,2304046;0,2431295;1,570215
ElbowRight;0,2665516;-0,01102499;1,602233
WristRight;0,2697181;-0,2278565;1,527334
HandRight;0,2524933;-0,2914005;1,502071
HandTipRight;0,2526765;-0,3761319;1,48438
ThumbRight;0,2901973;-0,3051198;1,484116
#
ShoulderRight;0,2303912;0,2431245;1,570103
ElbowRight;0,2665084;-0,01092499;1,602097
WristRight;0,2697117;-0,2278667;1,527326
HandRight;0,2523644;-0,2912351;1,501244
HandTipRight;0,2534113;-0,3758765;1,484307
ThumbRight;0,2906679;-0,3078918;1,483413
#
ShoulderRight;0,2303726;0,2430955;1,569998
ElbowRight;0,266476;-0,01089889;1,601995
WristRight;0,2697099;-0,2278789;1,527317
HandRight;0,2524749;-0,2908387;1,501235
HandTipRight;0,2528342;-0,3759779;1,485337
ThumbRight;0,2902094;-0,3052549;1,483445
#
ShoulderRight;0,230373;0,2430842;1,569972
ElbowRight;0,2664615;-0,01084893;1,601957
WristRight;0,2696624;-0,2278014;1,527337
HandRight;0,2524168;-0,2916549;1,501639
HandTipRight;0,253031;-0,3765986;1,485724
ThumbRight;0,2902952;-0,3027878;1,483754
#
ShoulderRight;0,2304578;0,2431185;1,569968
ElbowRight;0,2665074;-0,0109748;1,601902
WristRight;0,2696539;-0,2278359;1,527323
HandRight;0,2525969;-0,2914226;1,501622
HandTipRight;0,2530482;-0,3766328;1,485854
ThumbRight;0,2910157;-0,3079315;1,481983
#
ShoulderRight;0,2305282;0,2431461;1,569923
ElbowRight;0,2664724;-0,01092624;1,601866
WristRight;0,2696682;-0,2278104;1,527371
HandRight;0,2535402;-0,291425;1,502045
HandTipRight;0,254016;-0,376744;1,485407
ThumbRight;0,294084;-0,3067561;1,487748
#
ShoulderRight;0,2303017;0,2428326;1,569333
ElbowRight;0,2665092;-0,01110711;1,601807
WristRight;0,2705335;-0,2275617;1,527838
HandRight;0,2563549;-0,2924853;1,503292
HandTipRight;0,2546525;-0,380633;1,488485
ThumbRight;0,2989601;-0,2921241;1,492355
#
ShoulderRight;0,2296906;0,2423145;1,568532
ElbowRight;0,2666252;-0,01211306;1,601536
WristRight;0,2752074;-0,2350591;1,527362
HandRight;0,2661378;-0,2972409;1,507595
HandTipRight;0,2670892;-0,3820028;1,49149
ThumbRight;0,3155827;-0,3003694;1,496778
#
ShoulderRight;0,2292894;0,2417446;1,567917
ElbowRight;0,2672698;-0,01345472;1,60108
WristRight;0,2876908;-0,2340303;1,527992
HandRight;0,2891358;-0,3029856;1,505793
HandTipRight;0,2893135;-0,3774223;1,487548
ThumbRight;0,334329;-0,2906747;1,496308
#
ShoulderRight;0,2288508;0,2422161;1,567804
ElbowRight;0,2681395;-0,01406261;1,601051
WristRight;0,3155094;-0,2247368;1,527565
HandRight;0,3343768;-0,2992172;1,493343
HandTipRight;0,3262659;-0,3628657;1,473722
ThumbRight;0,3678015;-0,2959223;1,49055
#
ShoulderRight;0,2281478;0,2421927;1,56731
ElbowRight;0,2706675;-0,01374152;1,60167
WristRight;0,3383864;-0,2186766;1,528509
HandRight;0,3669634;-0,2870502;1,49299
HandTipRight;0,3707232;-0,3417257;1,456959
ThumbRight;0,4049971;-0,2879846;1,4876
#
ShoulderRight;0,2274063;0,2421234;1,566883
ElbowRight;0,2774668;-0,01139601;1,602081
WristRight;0,3710351;-0,2036624;1,523075
HandRight;0,4005062;-0,262092;1,488069
HandTipRight;0,413887;-0,3142833;1,435024
ThumbRight;0,3930241;-0,2955576;1,489757
#
ShoulderRight;0,2269751;0,2422331;1,566798
ElbowRight;0,2907676;-0,005103561;1,601895
WristRight;0,4009469;-0,1843272;1,513367
HandRight;0,4387501;-0,2414423;1,474223
HandTipRight;0,4476542;-0,2885556;1,41005
ThumbRight;0,4063451;-0,2688008;1,4057
#
ShoulderRight;0,2264296;0,2427378;1,566815
ElbowRight;0,301109;-0,000619233;1,600881
WristRight;0,4315436;-0,1628138;1,507118
HandRight;0,477293;-0,2159657;1,462959
HandTipRight;0,4929387;-0,2540612;1,39893
ThumbRight;0,4544267;-0,2561847;1,3865
#
ShoulderRight;0,2262632;0,2430043;1,566989
ElbowRight;0,3141935;0,005057991;1,598688
WristRight;0,4604584;-0,1377798;1,496704
HandRight;0,5115621;-0,1827975;1,452141
HandTipRight;0,5370319;-0,2148932;1,396586
ThumbRight;0,4423185;-0,1916855;1,350429
#
ShoulderRight;0,2262114;0,2438261;1,567886
ElbowRight;0,3347811;0,01443441;1,593372
WristRight;0,4916706;-0,1139911;1,488176
HandRight;0,5417544;-0,1422241;1,449469
HandTipRight;0,5756298;-0,1709129;1,394014
ThumbRight;0,5254785;-0,1788488;1,406857
#
ShoulderRight;0,2265555;0,2443664;1,568739
ElbowRight;0,3454607;0,02042988;1,590119
WristRight;0,5151775;-0,0863944;1,480793
HandRight;0,5698212;-0,1011851;1,441417
HandTipRight;0,6140782;-0,1211067;1,388938
ThumbRight;0,5580271;-0,1436596;1,389571
#
ShoulderRight;0,2266781;0,2447344;1,569173
ElbowRight;0,3566648;0,0282264;1,585219
WristRight;0,5396255;-0,04854813;1,472226
HandRight;0,5961629;-0,06172454;1,432679
HandTipRight;0,6413806;-0,07536106;1,38563
ThumbRight;0,5630665;-0,09215137;1,394455
#
ShoulderRight;0,2269734;0,2449341;1,569683
ElbowRight;0,3700169;0,03871507;1,580946
WristRight;0,5583009;-0,01777137;1,464854
HandRight;0,6163525;-0,01855849;1,428427
HandTipRight;0,6668378;-0,02568895;1,386067
ThumbRight;0,6062349;-0,05494474;1,386171
#
ShoulderRight;0,2275981;0,2448146;1,570571
ElbowRight;0,3741466;0,05099807;1,581387
WristRight;0,56745;0,01790302;1,464662
HandRight;0,6291206;0,02392426;1,42572
HandTipRight;0,6798127;0,02618445;1,382593
ThumbRight;0,6363028;-0,02217485;1,412222
#
ShoulderRight;0,2278923;0,2450387;1,571018
ElbowRight;0,3777191;0,06358241;1,581595
WristRight;0,5731947;0,05571442;1,464168
HandRight;0,6404881;0,06891773;1,42142
HandTipRight;0,6874654;0,07983852;1,381507
ThumbRight;0,6314839;0,03392588;1,382636
#
ShoulderRight;0,2284481;0,2460878;1,571798
ElbowRight;0,3787253;0,07384;1,581685
WristRight;0,5784004;0,09434602;1,460431
HandRight;0,6445017;0,1126911;1,418322
HandTipRight;0,691399;0,127798;1,380674
ThumbRight;0,649269;0,08403897;1,369522
#
ShoulderRight;0,228966;0,2471969;1,572437
ElbowRight;0,3805645;0,08056086;1,582441
WristRight;0,5789582;0,1210222;1,460558
HandRight;0,6409844;0,1550925;1,420105
HandTipRight;0,6866017;0,1784173;1,384735
ThumbRight;0,6524646;0,1278024;1,3658
#
ShoulderRight;0,2292937;0,2478206;1,572592
ElbowRight;0,3745578;0,07701189;1,588599
WristRight;0,5749013;0,1534736;1,460323
HandRight;0,6323233;0,1958165;1,421206
HandTipRight;0,6755308;0,2263617;1,387661
ThumbRight;0,6422409;0,1710218;1,36997
#
ShoulderRight;0,2300825;0,2484684;1,573048
ElbowRight;0,3735409;0,07664984;1,591555
WristRight;0,5669739;0,1840982;1,460499
HandRight;0,6177669;0,2334577;1,422836
HandTipRight;0,6607255;0,2707017;1,392847
ThumbRight;0,6273301;0,2064426;1,374224
#
ShoulderRight;0,231362;0,249605;1,574401
ElbowRight;0,3728653;0,07641796;1,594214
WristRight;0,5543602;0,2089496;1,463252
HandRight;0,5996314;0,2671826;1,427616
HandTipRight;0,6386429;0,3086417;1,397382
ThumbRight;0,6098154;0,2431005;1,381361
#
ShoulderRight;0,2319093;0,2501638;1,574828
ElbowRight;0,3730631;0,076653;1,595989
WristRight;0,5383676;0,2349975;1,46698
HandRight;0,5778557;0,2972119;1,431551
HandTipRight;0,6104722;0,3460264;1,40203
ThumbRight;0,5866994;0,2696928;1,382273
#
ShoulderRight;0,232671;0,2503949;1,575708
ElbowRight;0,3747284;0,07727503;1,598219
WristRight;0,5238067;0,2596664;1,469855
HandRight;0,5547298;0,3267945;1,436618
HandTipRight;0,5833605;0,3803291;1,410118
ThumbRight;0,5681938;0,3075305;1,386032
#
ShoulderRight;0,2330326;0,2511417;1,576096
ElbowRight;0,3789268;0,07903584;1,59769
WristRight;0,5080402;0,2843496;1,469649
HandRight;0,5297666;0,3525677;1,43991
HandTipRight;0,550362;0,4041156;1,412534
ThumbRight;0,5442827;0,3342682;1,389458
#
ShoulderRight;0,2336387;0,2518969;1,576776
ElbowRight;0,3801762;0,07952012;1,597512
WristRight;0,489506;0,2972785;1,474078
HandRight;0,5013464;0,3698431;1,447357
HandTipRight;0,5142627;0,4277911;1,424798
ThumbRight;0,5218908;0,3685626;1,384778
#
ShoulderRight;0,2343679;0,2522858;1,5773
ElbowRight;0,3819869;0,08000524;1,597145
WristRight;0,4669668;0,3101836;1,47853
HandRight;0,4727986;0,3849683;1,453917
HandTipRight;0,4795526;0,445977;1,436272
ThumbRight;0,4963726;0,3780738;1,384909
#
ShoulderRight;0,23528;0,252647;1,577622
ElbowRight;0,3861471;0,07983773;1,596582
WristRight;0,4469961;0,3196933;1,483035
HandRight;0,4441509;0,3960057;1,461488
HandTipRight;0,4451877;0,4594511;1,447309
ThumbRight;0,4685875;0,3871941;1,398474
#
ShoulderRight;0,2356941;0,2528108;1,577814
ElbowRight;0,4012898;0,09890411;1,572724
WristRight;0,4274058;0,3260205;1,489152
HandRight;0,4182345;0,4023805;1,468342
HandTipRight;0,4126284;0,470176;1,461924
ThumbRight;0,4415912;0,3955075;1,408207
#
ShoulderRight;0,2358869;0,2528299;1,578021
ElbowRight;0,4020264;0,09945214;1,572037
WristRight;0,4118156;0,3303342;1,492118
HandRight;0,3949541;0,4064359;1,473976
HandTipRight;0,3848335;0,4695219;1,463241
ThumbRight;0,4165296;0,4048117;1,4135
#
ShoulderRight;0,2362161;0,2528767;1,578364
ElbowRight;0,4026824;0,09982713;1,57187
WristRight;0,3989224;0,333267;1,495053
HandRight;0,3760776;0,4078317;1,478274
HandTipRight;0,3604833;0,4718607;1,469606
ThumbRight;0,3968472;0,4104097;1,420891
#
ShoulderRight;0,2359467;0,2528361;1,578278
ElbowRight;0,4028466;0,1002682;1,571719
WristRight;0,38966;0,3354387;1,496689
HandRight;0,3633246;0,4084888;1,480967
HandTipRight;0,3449025;0,4706291;1,471647
ThumbRight;0,3834794;0,4136267;1,425706
#
ShoulderRight;0,2357668;0,2528324;1,578179
ElbowRight;0,4032935;0,1009795;1,571651
WristRight;0,3846576;0,3366675;1,498011
HandRight;0,3577013;0,4100396;1,480481
HandTipRight;0,3386141;0,4701578;1,471484
ThumbRight;0,376517;0,417127;1,427912
#
ShoulderRight;0,2355805;0,2528574;1,578086
ElbowRight;0,4034546;0,1014275;1,571864
WristRight;0,3829012;0,3370726;1,498743
HandRight;0,3596185;0,4105104;1,481484
HandTipRight;0,3422328;0,4708952;1,473798
ThumbRight;0,3847222;0,4167974;1,432708
#
ShoulderRight;0,2359799;0,2529133;1,578767
ElbowRight;0,4041972;0,101891;1,572581
WristRight;0,3827251;0,3369631;1,498886
HandRight;0,3671178;0,4099171;1,480667
HandTipRight;0,3501671;0,4686228;1,469482
ThumbRight;0,3975751;0,4124379;1,436902
#
ShoulderRight;0,2361408;0,2532572;1,580001
ElbowRight;0,4043629;0,1021748;1,573034
WristRight;0,3838988;0,3366504;1,499339
HandRight;0,3793029;0,4093181;1,479965
HandTipRight;0,365673;0,4679649;1,468771
ThumbRight;0,410068;0,4063361;1,437766
#
ShoulderRight;0,2362462;0,2533696;1,580431
ElbowRight;0,4044571;0,1023314;1,574089
WristRight;0,389323;0,3363567;1,499142
HandRight;0,3951891;0,4046856;1,476328
HandTipRight;0,3860713;0,4646945;1,463696
ThumbRight;0,4248532;0,3982913;1,4342
#
ShoulderRight;0,236383;0,2533753;1,58117
ElbowRight;0,3947958;0,07641725;1,611035
WristRight;0,401615;0,3366722;1,496974
HandRight;0,4130871;0,3981842;1,473249
HandTipRight;0,4100519;0,454702;1,45406
ThumbRight;0,4441177;0,3876614;1,43341
#
ShoulderRight;0,2364601;0,253576;1,581982
ElbowRight;0,3968668;0,09642067;1,592776
WristRight;0,4182224;0,3248775;1,497116
HandRight;0,432096;0,3904505;1,469501
HandTipRight;0,4333646;0,4451491;1,449198
ThumbRight;0,4623993;0,376226;1,432139
#
ShoulderRight;0,2364606;0,2539192;1,583126
ElbowRight;0,3964542;0,09605608;1,592544
WristRight;0,4320838;0,3132838;1,49512
HandRight;0,4512302;0,3764184;1,465456
HandTipRight;0,4579671;0,4304104;1,440576
ThumbRight;0,4844721;0,3607951;1,433333
#
ShoulderRight;0,2360267;0,254391;1,584311
ElbowRight;0,3799936;0,06993531;1,622571
WristRight;0,447351;0,3000703;1,493641
HandRight;0,4714719;0,3620575;1,462538
HandTipRight;0,4812793;0,4140217;1,435694
ThumbRight;0,5008121;0,3385905;1,433286
#
ShoulderRight;0,2354701;0,2546751;1,585438
ElbowRight;0,378289;0,06857462;1,624374
WristRight;0,4632014;0,2851399;1,493604
HandRight;0,4925358;0,3452903;1,460415
HandTipRight;0,5066293;0,3952487;1,430713
ThumbRight;0,5208558;0,3214332;1,42929
#
ShoulderRight;0,2350142;0,254575;1,585888
ElbowRight;0,3818555;0,07640057;1,612159
WristRight;0,4774281;0,2692378;1,491993
HandRight;0,5132824;0,3247345;1,457412
HandTipRight;0,532128;0,374956;1,428442
ThumbRight;0,5444049;0,3012022;1,433846
#
ShoulderRight;0,2343408;0,2543275;1,586346
ElbowRight;0,3684132;0,06054657;1,628222
WristRight;0,4929044;0,2495666;1,492803
HandRight;0,5332252;0,3008339;1,457366
HandTipRight;0,5564376;0,3476623;1,429317
ThumbRight;0,5603781;0,2733973;1,429679
#
ShoulderRight;0,2330692;0,2539344;1,585418
ElbowRight;0,3631625;0,0572062;1,63293
WristRight;0,5072834;0,2272148;1,493096
HandRight;0,5542372;0,2736389;1,45728
HandTipRight;0,5835007;0,3175439;1,429229
ThumbRight;0,5768135;0,2432953;1,434567
#
ShoulderRight;0,2325083;0,2534294;1,586333
ElbowRight;0,3560421;0,05249865;1,637631
WristRight;0,5195148;0,1995263;1,493459
HandRight;0,5721379;0,2415608;1,456909
HandTipRight;0,6070507;0,2817065;1,426448
ThumbRight;0,5952349;0,2092793;1,437917
#
ShoulderRight;0,232029;0,2529755;1,587031
ElbowRight;0,3481666;0,04849809;1,6422
WristRight;0,5311362;0,1708959;1,494
HandRight;0,5890416;0,2071282;1,457086
HandTipRight;0,6290947;0,2434765;1,429142
ThumbRight;0,6081771;0,1724872;1,43716
#
ShoulderRight;0,2315982;0,2526414;1,587569
ElbowRight;0,352708;0,0475709;1,62994
WristRight;0,5378447;0,1395949;1,494178
HandRight;0,60125;0,1676086;1,458484
HandTipRight;0,645785;0,1978022;1,427844
ThumbRight;0,6178452;0,1324917;1,4436
#
ShoulderRight;0,2311332;0,2521192;1,588071
ElbowRight;0,3323476;0,03788988;1,642893
WristRight;0,5425127;0,1095257;1,495495
HandRight;0,6104906;0,1287987;1,460595
HandTipRight;0,6594509;0,1528813;1,431651
ThumbRight;0,6337098;0,08942591;1,450833
#
ShoulderRight;0,2307385;0,2518562;1,588577
ElbowRight;0,3259133;0,03441091;1,646029
WristRight;0,5442498;0,08041421;1,498422
HandRight;0,6149343;0,08847696;1,463837
HandTipRight;0,6656569;0,1062803;1,434324
ThumbRight;0,6183053;0,04870161;1,451194
#
ShoulderRight;0,2298658;0,2514653;1,588704
ElbowRight;0,3196828;0,03301817;1,644026
WristRight;0,5463247;0,04345771;1,503604
HandRight;0,6175579;0,04808895;1,470762
HandTipRight;0,6698637;0,06033227;1,443568
ThumbRight;0,6222121;0,0050792;1,4696
#
ShoulderRight;0,2289345;0,2513371;1,588681
ElbowRight;0,3113369;0,0301543;1,644059
WristRight;0,5400715;0,01019684;1,508324
HandRight;0,6134177;0,005454381;1,477892
HandTipRight;0,6671521;0,01126529;1,452443
ThumbRight;0,6111563;-0,03658915;1,476041
#
ShoulderRight;0,2279908;0,2513456;1,588661
ElbowRight;0,3442282;0,03184049;1,608244
WristRight;0,5410949;-0,02868386;1,512561
HandRight;0,6072336;-0,03749621;1,487054
HandTipRight;0,6627938;-0,0399238;1,463868
ThumbRight;0,5888728;-0,07704318;1,496238
#
ShoulderRight;0,2274142;0,2515478;1,588865
ElbowRight;0,3422202;0,03040003;1,608738
WristRight;0,5287797;-0,06452614;1,521422
HandRight;0,6021313;-0,08120862;1,498463
HandTipRight;0,6474866;-0,09192922;1,473951
ThumbRight;0,5827557;-0,1199963;1,504826
#
ShoulderRight;0,2269775;0,2516279;1,588834
ElbowRight;0,338874;0,02544149;1,608332
WristRight;0,5145249;-0,09277371;1,527608
HandRight;0,5820608;-0,1237965;1,510694
HandTipRight;0,6267427;-0,1420649;1,490387
ThumbRight;0,5569122;-0,1573168;1,521947
#
ShoulderRight;0,2261601;0,2513185;1,588388
ElbowRight;0,3328508;0,01761887;1,607141
WristRight;0,4947572;-0,1240624;1,537317
HandRight;0,5486602;-0,1566565;1,526939
HandTipRight;0,601438;-0,1843864;1,505062
ThumbRight;0,5214548;-0,1846371;1,548778
#
ShoulderRight;0,2254453;0,2510444;1,587886
ElbowRight;0,3217885;0,01252306;1,605956
WristRight;0,4688031;-0,1493001;1,55013
HandRight;0,522444;-0,1864191;1,540922
HandTipRight;0,5777716;-0,2187263;1,522193
ThumbRight;0,4957186;-0,2130993;1,554579
#
ShoulderRight;0,2251666;0,2507122;1,587767
ElbowRight;0,3124933;0,007162251;1,605407
WristRight;0,4487372;-0,1660995;1,558821
HandRight;0,4963365;-0,2125184;1,552395
HandTipRight;0,5455921;-0,2521857;1,535354
ThumbRight;0,4680236;-0,2378849;1,5645
#
ShoulderRight;0,2250223;0,2502602;1,587551
ElbowRight;0,3024317;0,0005490068;1,604637
WristRight;0,4249017;-0,18439;1,567286
HandRight;0,4733931;-0,2361112;1,559404
HandTipRight;0,5187201;-0,2755005;1,543002
ThumbRight;0,4446206;-0,2626252;1,56732
#
ShoulderRight;0,2250083;0,2498299;1,587464
ElbowRight;0,2951778;-0,007162083;1,603381
WristRight;0,4109005;-0,1971403;1,571633
HandRight;0,4504309;-0,2551166;1,565513
HandTipRight;0,4891831;-0,2978568;1,54847
ThumbRight;0,4060211;-0,2612914;1,59825
#
ShoulderRight;0,2249244;0,2493877;1,587477
ElbowRight;0,2893637;-0,01343676;1,601969
WristRight;0,3995672;-0,2069817;1,573203
HandRight;0,4329525;-0,268485;1,568875
HandTipRight;0,4707506;-0,3136901;1,556606
ThumbRight;0,3974759;-0,2902833;1,58124
#
ShoulderRight;0,2248478;0,2487503;1,587381
ElbowRight;0,2851413;-0,01889839;1,600122
WristRight;0,3922126;-0,2143278;1,572919
HandRight;0,4220848;-0,2754229;1,567928
HandTipRight;0,4619291;-0,3224631;1,557833
ThumbRight;0,3815039;-0,2929671;1,57064
#
ShoulderRight;0,2247146;0,2483677;1,587314
ElbowRight;0,2831081;-0,02136827;1,598809
WristRight;0,3893226;-0,2173283;1,572507
HandRight;0,4184664;-0,2770416;1,566827
HandTipRight;0,4629456;-0,326558;1,560106
ThumbRight;0,3820801;-0,3052394;1,554567
#
ShoulderRight;0,2246487;0,2477677;1,58713
ElbowRight;0,2818956;-0,02177248;1,597997
WristRight;0,3887789;-0,2173742;1,571838
HandRight;0,4232598;-0,2739257;1,562825
HandTipRight;0,4646909;-0,3246553;1,554758
ThumbRight;0,3930803;-0,3056643;1,538294
#
ShoulderRight;0,2245321;0,2472837;1,586983
ElbowRight;0,281595;-0,02177522;1,597614
WristRight;0,390002;-0,2163317;1,568862
HandRight;0,4333597;-0,2670828;1,55543
HandTipRight;0,4708406;-0,3174117;1,542497
ThumbRight;0,4010284;-0,2962827;1,532559
#
ShoulderRight;0,224563;0,2471493;1,587016
ElbowRight;0,281628;-0,02112594;1,597022
WristRight;0,3958311;-0,2116708;1,562091
HandRight;0,4489638;-0,2572849;1,547239
HandTipRight;0,4875313;-0,3016283;1,531605
ThumbRight;0,4192674;-0,2882661;1,522419
#
ShoulderRight;0,2245241;0,2469153;1,58699
ElbowRight;0,2818943;-0,01740032;1,595945
WristRight;0,4091381;-0,198079;1,551842
HandRight;0,4660453;-0,2415414;1,536411
HandTipRight;0,5111533;-0,2828368;1,519248
ThumbRight;0,4427691;-0,2757953;1,506674
#
ShoulderRight;0,2244878;0,2466795;1,586967
ElbowRight;0,2853692;-0,01378563;1,594724
WristRight;0,4236589;-0,1839713;1,540749
HandRight;0,4831261;-0,2197075;1,525898
HandTipRight;0,5343177;-0,2613233;1,506731
ThumbRight;0,4631871;-0,2569158;1,493853
#
ShoulderRight;0,2244737;0,2466419;1,586959
ElbowRight;0,2921929;-0,008981606;1,592003
WristRight;0,4432014;-0,1648149;1,527843
HandRight;0,5061869;-0,1995623;1,511013
HandTipRight;0,5601407;-0,2347189;1,492411
ThumbRight;0,4296478;-0,1996351;1,4085
#
ShoulderRight;0,2244126;0,2466323;1,586948
ElbowRight;0,2979167;-0,003690335;1,591254
WristRight;0,4860161;-0,1616437;1,505658
HandRight;0,5355324;-0,1775145;1,497186
HandTipRight;0,5857284;-0,2014564;1,479295
ThumbRight;0,4724568;-0,1903546;1,438714
#
ShoulderRight;0,2242671;0,2466656;1,586932
ElbowRight;0,3031546;0,002368495;1,590006
WristRight;0,4823175;-0,1099634;1,507573
HandRight;0,5548983;-0,1442998;1,484669
HandTipRight;0,6114534;-0,1666538;1,470213
ThumbRight;0,5375587;-0,1770069;1,440667
#
ShoulderRight;0,2239939;0,2468604;1,586827
ElbowRight;0,3064006;0,008214578;1,588962
WristRight;0,48909;-0,09477731;1,501683
HandRight;0,547954;-0,1017192;1,478234
HandTipRight;0,603104;-0,1239358;1,437772
ThumbRight;0,5582262;-0,1470829;1,426667
#
ShoulderRight;0,2238592;0,2471692;1,58689
ElbowRight;0,3120863;0,0146787;1,586969
WristRight;0,5042667;-0,06135431;1,492154
HandRight;0,5853385;-0,07097895;1,461623
HandTipRight;0,643626;-0,07577575;1,437547
ThumbRight;0,5675012;-0,1032359;1,419442
#
ShoulderRight;0,2236596;0,2476243;1,586959
ElbowRight;0,3205045;0,02172392;1,584722
WristRight;0,5176016;-0,02966325;1,483113
HandRight;0,5989982;-0,03269126;1,451166
HandTipRight;0,6563473;-0,03514736;1,426619
ThumbRight;0,5801502;-0,06737721;1,396333
#
ShoulderRight;0,2233334;0,2479232;1,586836
ElbowRight;0,3257902;0,02936751;1,583199
WristRight;0,5255955;-0,003360756;1,479059
HandRight;0,6092368;0,006039445;1,442653
HandTipRight;0,6676385;0,01302107;1,420672
ThumbRight;0,5976667;-0,0244122;1,400515
#
ShoulderRight;0,2231975;0,2482047;1,586819
ElbowRight;0,3321126;0,03889235;1,581288
WristRight;0,5329173;0,02828049;1,474358
HandRight;0,6145039;0,04646327;1,435862
HandTipRight;0,6704541;0,06086193;1,411758
ThumbRight;0,6087718;0,01733648;1,391306
#
ShoulderRight;0,2231075;0,2485262;1,586882
ElbowRight;0,341749;0,04991494;1,577453
WristRight;0,5413514;0,05612369;1,467841
HandRight;0,6134155;0,08513097;1,429311
HandTipRight;0,6668602;0,1024329;1,400254
ThumbRight;0,6090659;0,05478382;1,379807
#
ShoulderRight;0,223076;0,2487203;1,586866
ElbowRight;0,3454892;0,05664713;1,576192
WristRight;0,5471623;0,09742086;1,460248
HandRight;0,6135144;0,1241548;1,424472
HandTipRight;0,6628919;0,1484011;1,396191
ThumbRight;0,6032376;0,09017945;1,372125
#
ShoulderRight;0,223078;0,2490047;1,586848
ElbowRight;0,3498999;0,06051965;1,575898
WristRight;0,5432457;0,1133545;1,459021
HandRight;0,6048968;0,1594455;1,421522
HandTipRight;0,6534216;0,1903644;1,393663
ThumbRight;0,6123088;0,1347792;1,367967
#
ShoulderRight;0,2234063;0,2492416;1,586913
ElbowRight;0,3582205;0,06648891;1,572893
WristRight;0,5377803;0,1412702;1,453472
HandRight;0,5932601;0,193419;1,41926
HandTipRight;0,6376899;0,2299236;1,389362
ThumbRight;0,602284;0,1682905;1,361909
#
ShoulderRight;0,2237278;0,2493352;1,586889
ElbowRight;0,3619424;0,06920908;1,571757
WristRight;0,5297127;0,1670828;1,451732
HandRight;0,5804405;0,2259109;1,417493
HandTipRight;0,620999;0,2688664;1,389703
ThumbRight;0,5848561;0,1999014;1,363395
#
ShoulderRight;0,2241603;0,2494222;1,586862
ElbowRight;0,364886;0,07131218;1,571052
WristRight;0,5212843;0,1956051;1,448281
HandRight;0,5642328;0,2575839;1,417053
HandTipRight;0,5982516;0,3015793;1,390039
ThumbRight;0,5640003;0,2277461;1,365844
#
ShoulderRight;0,2246382;0,2495634;1,586634
ElbowRight;0,3667295;0,07258446;1,570903
WristRight;0,5089768;0,2141764;1,448371
HandRight;0,5435904;0,2821144;1,416388
HandTipRight;0,5753642;0,3320145;1,39294
ThumbRight;0,5423409;0,2519197;1,363562
#
ShoulderRight;0,2254232;0,2497766;1,586239
ElbowRight;0,3680271;0,07324578;1,563421
WristRight;0,4946471;0,2350244;1,448479
HandRight;0,5222437;0,3072654;1,418107
HandTipRight;0,544778;0,3608808;1,394527
ThumbRight;0,5276564;0,2842005;1,366742
#
ShoulderRight;0,2260966;0,250003;1,586047
ElbowRight;0,3603635;0,05795025;1,575058
WristRight;0,4794329;0,2520938;1,450562
HandRight;0,4993722;0,3272757;1,421731
HandTipRight;0,5189294;0,3831786;1,396492
ThumbRight;0,5081018;0,3113029;1,368585
#
ShoulderRight;0,2270044;0,2501428;1,585855
ElbowRight;0,3606036;0,05777404;1,575451
WristRight;0,4622907;0,270489;1,451046
HandRight;0,4755153;0,3473066;1,423562
HandTipRight;0,4866431;0,3998114;1,39667
ThumbRight;0,4852644;0,3348777;1,367415
#
ShoulderRight;0,2282262;0,2504193;1,585813
ElbowRight;0,3618172;0,05753752;1,574537
WristRight;0,4470717;0,2816444;1,452774
HandRight;0,4515252;0,3608778;1,426497
HandTipRight;0,4582222;0,4186749;1,40502
ThumbRight;0,4649955;0,357895;1,37
#
ShoulderRight;0,2289728;0,2506022;1,585787
ElbowRight;0,3777744;0,08021258;1,551004
WristRight;0,4286915;0,2927774;1,454134
HandRight;0,4272093;0,3732877;1,428543
HandTipRight;0,427404;0,4349838;1,415995
ThumbRight;0,4417426;0,3714382;1,371657
#
ShoulderRight;0,2294239;0,2505601;1,585677
ElbowRight;0,3781481;0,07256658;1,557459
WristRight;0,410162;0,3088628;1,460976
HandRight;0,403484;0,3825818;1,428698
HandTipRight;0,3994116;0,4435385;1,418365
ThumbRight;0,4214979;0,371187;1,363714
#
ShoulderRight;0,2298341;0,2503532;1,585578
ElbowRight;0,3799826;0,0816113;1,547107
WristRight;0,3949166;0,3116718;1,457067
HandRight;0,3798726;0,3886207;1,429469
HandTipRight;0,3733548;0,4496339;1,419645
ThumbRight;0,39649;0,3730312;1,356555
#
ShoulderRight;0,2302456;0,2506441;1,585379
ElbowRight;0,3814573;0,08345681;1,54275
WristRight;0,3793559;0,3132209;1,454912
HandRight;0,3565783;0,3899606;1,430013
HandTipRight;0,343973;0,4512534;1,421026
ThumbRight;0,3735741;0,3767821;1,3652
#
ShoulderRight;0,2309301;0,250797;1,585172
ElbowRight;0,3834615;0,08524224;1,54014
WristRight;0,3631623;0,3149537;1,454478
HandRight;0,3356873;0,3900643;1,431038
HandTipRight;0,3166988;0,4538564;1,429849
ThumbRight;0,3534215;0,3801641;1,369632
#
ShoulderRight;0,2318398;0,2509364;1,584824
ElbowRight;0,3854081;0,0870377;1,53616
WristRight;0,350253;0,3169941;1,453414
HandRight;0,3180106;0,3921177;1,433504
HandTipRight;0,2958909;0,4536268;1,432725
ThumbRight;0,3365147;0,3818633;1,371857
#
ShoulderRight;0,2323101;0,2508718;1,584606
ElbowRight;0,3871353;0,08894706;1,532341
WristRight;0,3430161;0,3179175;1,454044
HandRight;0,3084391;0,392635;1,43784
HandTipRight;0,2838858;0,4506966;1,433371
ThumbRight;0,3163494;0,3966384;1,384435
#
ShoulderRight;0,2325384;0,2508747;1,584608
ElbowRight;0,3874245;0,08104895;1,544056
WristRight;0,3398951;0,3187265;1,454891
HandRight;0,3077939;0,3940721;1,441811
HandTipRight;0,2839937;0,4523737;1,436806
ThumbRight;0,3162108;0,3963136;1,387678
#
ShoulderRight;0,2326465;0,2509143;1,584561
ElbowRight;0,3874881;0,08860373;1,534211
WristRight;0,3394114;0,319041;1,455312
HandRight;0,3126832;0,3965983;1,443888
HandTipRight;0,2892399;0,454877;1,438187
ThumbRight;0,3206443;0,4001932;1,388936
#
ShoulderRight;0,2326564;0,2509877;1,584471
ElbowRight;0,3870218;0,08100577;1,546284
WristRight;0,3400729;0,3198613;1,456085
HandRight;0,3242598;0,3984551;1,444785
HandTipRight;0,3041846;0,4576024;1,437736
ThumbRight;0,3620789;0,427641;1,43
#
ShoulderRight;0,2320737;0,2512178;1,583438
ElbowRight;0,3880447;0,0886073;1,540915
WristRight;0,3454535;0,3213033;1,457972
HandRight;0,3388114;0,3998102;1,445452
HandTipRight;0,3218076;0,4587249;1,437662
ThumbRight;0,3451389;0,4030896;1,390195
#
ShoulderRight;0,2320818;0,2513903;1,58351
ElbowRight;0,3885026;0,08936686;1,540089
WristRight;0,3559735;0,3222474;1,461
HandRight;0,3563235;0,399337;1,446688
HandTipRight;0,3433787;0,4616583;1,43964
ThumbRight;0,3675952;0,4032843;1,392633
#
ShoulderRight;0,231561;0,2514262;1,582732
ElbowRight;0,3886305;0,08993354;1,540003
WristRight;0,3698507;0,322385;1,463619
HandRight;0,3762937;0,3973595;1,445565
HandTipRight;0,3672825;0,4574286;1,436712
ThumbRight;0,4116201;0,4103343;1,4154
#
ShoulderRight;0,2315305;0,2514418;1,582811
ElbowRight;0,3947321;0,09556312;1,545786
WristRight;0,3853617;0,3195405;1,465247
HandRight;0,3981408;0,3937733;1,44249
HandTipRight;0,395902;0,450747;1,430495
ThumbRight;0,4099048;0,3885613;1,390479
#
ShoulderRight;0,2314552;0,2518209;1,583205
ElbowRight;0,3952566;0,09633856;1,548388
WristRight;0,4043678;0,3158794;1,465804
HandRight;0,4223958;0,3870426;1,442437
HandTipRight;0,4253686;0,4451392;1,433451
ThumbRight;0,4401901;0,3786951;1,392931
#
ShoulderRight;0,2311806;0,2521469;1,583701
ElbowRight;0,395086;0,09658426;1,55076
WristRight;0,426751;0,3053286;1,464973
HandRight;0,4480626;0,3727453;1,440539
HandTipRight;0,4548611;0,4270521;1,423297
ThumbRight;0,4811481;0,3705633;1,409
#
ShoulderRight;0,2308993;0,2524298;1,584269
ElbowRight;0,3927731;0,09426052;1,5569
WristRight;0,4479957;0,2947949;1,463941
HandRight;0,4737608;0,3551434;1,438919
HandTipRight;0,4862969;0,4078295;1,418316
ThumbRight;0,4876912;0,3425726;1,389493
#
ShoulderRight;0,2304485;0,2527882;1,5848
ElbowRight;0,3898924;0,09189884;1,561766
WristRight;0,4667897;0,2815852;1,461376
HandRight;0,4994266;0,3354381;1,435104
HandTipRight;0,5183455;0,3865969;1,411663
ThumbRight;0,5125915;0,3214741;1,384969
#
ShoulderRight;0,2299381;0,2528762;1,585233
ElbowRight;0,3862004;0,08873098;1,567401
WristRight;0,4874948;0,2629059;1,460554
HandRight;0,5241745;0,3118005;1,432824
HandTipRight;0,548013;0,3621526;1,411946
ThumbRight;0,5340543;0,2935285;1,385403
#
ShoulderRight;0,2291462;0,2529331;1,585679
ElbowRight;0,3812516;0,08491544;1,573336
WristRight;0,5044858;0,2393882;1,459097
HandRight;0,5453304;0,2818329;1,430386
HandTipRight;0,5778639;0,3280845;1,408163
ThumbRight;0,556724;0,2635137;1,383792
#
ShoulderRight;0,2284361;0,2528706;1,584683
ElbowRight;0,3771524;0,08194005;1,576392
WristRight;0,5177378;0,2153859;1,455478
HandRight;0,5643361;0,2500189;1,425228
HandTipRight;0,603397;0,2903548;1,400897
ThumbRight;0,5980252;0,2278232;1,401444
#
ShoulderRight;0,2278743;0,2528923;1,585149
ElbowRight;0,3726637;0,07868171;1,579443
WristRight;0,5318506;0,1846757;1,454308
HandRight;0,5821751;0,2156242;1,424562
HandTipRight;0,6268861;0,2507729;1,399858
ThumbRight;0,5943033;0,1940577;1,380666
#
ShoulderRight;0,2271447;0,2529293;1,585593
ElbowRight;0,370219;0,07727722;1,580252
WristRight;0,5424178;0,1582907;1,453689
HandRight;0,5980532;0,1802616;1,425485
HandTipRight;0,6460315;0,206645;1,399709
ThumbRight;0,6178612;0,1472586;1,40625
#
ShoulderRight;0,2264079;0,2531579;1,585982
ElbowRight;0,3649718;0,07394397;1,582519
WristRight;0,5490714;0,1220299;1,455943
HandRight;0,6079037;0,1394192;1,426203
HandTipRight;0,6594431;0,1594503;1,400356
ThumbRight;0,6296088;0,1078648;1,42
#
ShoulderRight;0,2258877;0,2533174;1,585949
ElbowRight;0,3608305;0,07130346;1,583072
WristRight;0,5513046;0,08912788;1,458153
HandRight;0,6151948;0,09743592;1,428605
HandTipRight;0,6698273;0,1096249;1,405129
ThumbRight;0,6143012;0,06544028;1,397414
#
ShoulderRight;0,2256208;0,2532418;1,585854
ElbowRight;0,3560599;0,0678051;1,582503
WristRight;0,5507645;0,05595787;1,464034
HandRight;0,6196778;0,05441732;1,433609
HandTipRight;0,6749372;0,0589945;1,411273
ThumbRight;0,6188631;0,02725963;1,440882
#
ShoulderRight;0,2253855;0,2531479;1,585771
ElbowRight;0,3523743;0,06057054;1,581823
WristRight;0,5450372;0,01489488;1,468627
HandRight;0,6157195;0,01009995;1,439563
HandTipRight;0,6705866;0,007576005;1,416532
ThumbRight;0,6093122;-0,02980136;1,441143
#
ShoulderRight;0,2248662;0,2529094;1,585425
ElbowRight;0,3507275;0,04989602;1,579685
WristRight;0,538113;-0,02307881;1,472488
HandRight;0,6091917;-0,03423856;1,448114
HandTipRight;0,6656526;-0,04373085;1,428696
ThumbRight;0,5937595;-0,07014892;1,450222
#
ShoulderRight;0,2243288;0,2526069;1,584978
ElbowRight;0,3446876;0,04043637;1,579471
WristRight;0,5267294;-0,05410752;1,480967
HandRight;0,5980733;-0,07680256;1,458292
HandTipRight;0,6522037;-0,09294812;1,439697
ThumbRight;0,5804502;-0,1131751;1,45992
#
ShoulderRight;0,2238145;0,2523351;1,584288
ElbowRight;0,3368469;0,03176311;1,580784
WristRight;0,5115259;-0,07923176;1,486509
HandRight;0,5801212;-0,1179765;1,46702
HandTipRight;0,6244445;-0,1413075;1,447271
ThumbRight;0,5607182;-0,1511079;1,475953
#
ShoulderRight;0,2234949;0,252093;1,583782
ElbowRight;0,3322962;0,02278042;1,580119
WristRight;0,4952975;-0,1089759;1,492411
HandRight;0,5592558;-0,1535432;1,478901
HandTipRight;0,6011174;-0,182756;1,461231
ThumbRight;0,5336912;-0,1828546;1,488259
#
ShoulderRight;0,2232436;0,2519026;1,583385
ElbowRight;0,3236656;0,01368424;1,580218
WristRight;0,4736748;-0,1376765;1,502471
HandRight;0,5351573;-0,1865911;1,492029
HandTipRight;0,5757276;-0,2151349;1,473543
ThumbRight;0,5060753;-0,2121257;1,50888
#
ShoulderRight;0,2231094;0,2511723;1,582354
ElbowRight;0,3108778;0,008244417;1,580306
WristRight;0,4463584;-0,1603144;1,513021
HandRight;0,4998121;-0,2086595;1,502059
HandTipRight;0,5428511;-0,2475905;1,480763
ThumbRight;0,4648959;-0,2243525;1,527706
#
ShoulderRight;0,2228911;0,2502982;1,581692
ElbowRight;0,298628;0,002373929;1,581383
WristRight;0,423558;-0,1765122;1,521704
HandRight;0,472949;-0,2326857;1,509395
HandTipRight;0,5133708;-0,2722065;1,489172
ThumbRight;0,4420729;-0,2553718;1,529177
#
ShoulderRight;0,2222645;0,2489193;1,580348
ElbowRight;0,2872063;-0,007611685;1,58142
WristRight;0,4033202;-0,1937048;1,526917
HandRight;0,4460177;-0,2512475;1,514567
HandTipRight;0,4836909;-0,293619;1,49689
ThumbRight;0,4114117;-0,2686884;1,5415
#
ShoulderRight;0,2214888;0,247709;1,579124
ElbowRight;0,2800047;-0,01579925;1,580086
WristRight;0,3824197;-0,2112215;1,53205
HandRight;0,4229497;-0,2688591;1,520684
HandTipRight;0,4568297;-0,3138096;1,506675
ThumbRight;0,3841361;-0,2800592;1,542364
#
ShoulderRight;0,2206951;0,2465292;1,577719
ElbowRight;0,2725456;-0,02094086;1,577328
WristRight;0,3700702;-0,2197833;1,534372
HandRight;0,4012538;-0,2759127;1,523074
HandTipRight;0,4401102;-0,3227329;1,509405
ThumbRight;0,3631262;-0,2898459;1,531613
#
ShoulderRight;0,2201903;0,2457988;1,576826
ElbowRight;0,2690691;-0,0230584;1,575688
WristRight;0,3613534;-0,2246895;1,534433
HandRight;0,3901942;-0,2810895;1,524497
HandTipRight;0,4356605;-0,3292685;1,512666
ThumbRight;0,3488769;-0,2943977;1,526595
#
ShoulderRight;0,2196531;0,2451528;1,575931
ElbowRight;0,2669016;-0,02521905;1,574157
WristRight;0,3589307;-0,2269178;1,532578
HandRight;0,3882176;-0,2806892;1,521808
HandTipRight;0,431287;-0,329549;1,509475
ThumbRight;0,3527356;-0,3094985;1,506921
#
ShoulderRight;0,2190383;0,2444427;1,574988
ElbowRight;0,2658168;-0,02553529;1,573449
WristRight;0,3587546;-0,226771;1,531592
HandRight;0,394544;-0,2767275;1,517312
HandTipRight;0,4344628;-0,3280891;1,504222
ThumbRight;0,3572665;-0,3019186;1,493325
#
ShoulderRight;0,2187204;0,2441934;1,574216
ElbowRight;0,2655402;-0,02539064;1,573094
WristRight;0,3620329;-0,2242184;1,526821
HandRight;0,406315;-0,2670098;1,509059
HandTipRight;0,4439232;-0,3209601;1,49313
ThumbRight;0,3725981;-0,2919568;1,48403
#
ShoulderRight;0,2185222;0,2440545;1,573953
ElbowRight;0,2656276;-0,02495137;1,572963
WristRight;0,3755342;-0,2144932;1,516563
HandRight;0,4330016;-0,2626133;1,496308
HandTipRight;0,4587253;-0,3122153;1,479691
ThumbRight;0,3928472;-0,2777342;1,471905
#
ShoulderRight;0,2183416;0,243851;1,573588
ElbowRight;0,2670559;-0,02075559;1,572304
WristRight;0,392258;-0,1970771;1,503896
HandRight;0,4487122;-0,2375974;1,483808
HandTipRight;0,4909502;-0,2787598;1,45954
ThumbRight;0,4365684;-0,2834304;1,419
#
ShoulderRight;0,2180812;0,2436664;1,573258
ElbowRight;0,2703064;-0,01330553;1,571672
WristRight;0,4078102;-0,176433;1,493367
HandRight;0,4711148;-0,2138243;1,468572
HandTipRight;0,5192809;-0,2495186;1,443035
ThumbRight;0,4190095;-0,2239103;1,406769
#
ShoulderRight;0,2179245;0,2437434;1,573113
ElbowRight;0,276527;-0,006157835;1,570399
WristRight;0,4271739;-0,15164;1,480986
HandRight;0,4934796;-0,1849303;1,454402
HandTipRight;0,5459676;-0,2164238;1,427428
ThumbRight;0,4422656;-0,1986325;1,38825
#
ShoulderRight;0,2179022;0,2438692;1,57316
ElbowRight;0,2835488;0,0001355317;1,568387
WristRight;0,4484786;-0,123276;1,470736
HandRight;0,5158315;-0,1509353;1,437793
HandTipRight;0,5704458;-0,174383;1,40917
ThumbRight;0,4495049;-0,1661129;1,334286
#
ShoulderRight;0,2179007;0,2440943;1,573008
ElbowRight;0,289038;0,005218572;1,566604
WristRight;0,4623055;-0,09768118;1,459287
HandRight;0,5338748;-0,1103487;1,424024
HandTipRight;0,5923538;-0,1286807;1,391958
ThumbRight;0,5069777;-0,140622;1,365242
#
ShoulderRight;0,2179357;0,2445899;1,572912
ElbowRight;0,297393;0,01132872;1,563493
WristRight;0,4806752;-0,05795761;1,445573
HandRight;0,5560266;-0,06873323;1,408266
HandTipRight;0,6129464;-0,07636756;1,376794
ThumbRight;0,531724;-0,1019971;1,340823
#
ShoulderRight;0,218061;0,2454649;1,573187
ElbowRight;0,3068484;0,01944027;1,561657
WristRight;0,4957409;-0,02444517;1,440353
HandRight;0,5760881;-0,02207926;1,397465
HandTipRight;0,6289032;-0,0222696;1,368083
ThumbRight;0,5508942;-0,0554277;1,334737
#
ShoulderRight;0,217998;0,2464676;1,573297
ElbowRight;0,3133894;0,02817241;1,558463
WristRight;0,5035247;0,007871374;1,432663
HandRight;0,5845596;0,02485869;1,384528
HandTipRight;0,6342171;0,03276039;1,353221
ThumbRight;0,5638487;-0,007104026;1,334514
#
ShoulderRight;0,2179452;0,2468508;1,572843
ElbowRight;0,3077874;0,02699764;1,562924
WristRight;0,5208215;0,05490073;1,414587
HandRight;0,5863917;0,07223921;1,372533
HandTipRight;0,634828;0,08530489;1,338216
ThumbRight;0,5768348;0,04134893;1,321094
#
ShoulderRight;0,2214905;0,09363312;1,550824
ElbowRight;0,2529025;-0,1344067;1,567122
WristRight;0,2543635;-0,3214418;1,490382
HandRight;0,2362502;-0,3843353;1,470922
HandTipRight;0,2381938;-0,443725;1,440338
ThumbRight;0,1957302;-0,365562;1,46487
#
ShoulderRight;0,2215386;0,09363085;1,550842
ElbowRight;0,2529047;-0,134424;1,567113
WristRight;0,2543586;-0,3213925;1,49034
HandRight;0,2361015;-0,3842129;1,470943
HandTipRight;0,2371174;-0,4427684;1,440341
ThumbRight;0,1959357;-0,3662479;1,46517
#
ShoulderRight;0,2216253;0,09363339;1,550912
ElbowRight;0,2529142;-0,1344092;1,567104
WristRight;0,2543516;-0,3213774;1,490337
HandRight;0,236013;-0,3843927;1,471241
HandTipRight;0,2369976;-0,4444008;1,441853
ThumbRight;0,1953181;-0,3642211;1,464735
#
ShoulderRight;0,2216584;0,09363645;1,550925
ElbowRight;0,2529202;-0,1344092;1,567098
WristRight;0,2543543;-0,3213585;1,490357
HandRight;0,2364301;-0,384582;1,471602
HandTipRight;0,2377147;-0,4439118;1,440554
ThumbRight;0,1962702;-0,3663559;1,46584
#
ShoulderRight;0,2217048;0,09362223;1,550939
ElbowRight;0,2529226;-0,1344067;1,567093
WristRight;0,2543528;-0,3213521;1,490355
HandRight;0,2362317;-0,3844015;1,471147
HandTipRight;0,2376912;-0,4440178;1,440624
ThumbRight;0,1957214;-0,3660356;1,464708
#
ShoulderRight;0,2217699;0,09363542;1,550998
ElbowRight;0,2529255;-0,1344017;1,567101
WristRight;0,2543571;-0,3213786;1,490423
HandRight;0,2367429;-0,3844198;1,472044
HandTipRight;0,2377067;-0,4438956;1,441255
ThumbRight;0,1965082;-0,3666153;1,465921
#
ShoulderRight;0,2218374;0,09362433;1,551055
ElbowRight;0,2529601;-0,1343885;1,567156
WristRight;0,254355;-0,3213812;1,490434
HandRight;0,2366484;-0,3846076;1,471733
HandTipRight;0,2370121;-0,444417;1,44191
ThumbRight;0,1958666;-0,3660779;1,465228
#
ShoulderRight;0,221899;0,09362424;1,551106
ElbowRight;0,2529577;-0,1343918;1,567162
WristRight;0,2543678;-0,3213961;1,490495
HandRight;0,2371036;-0,3844877;1,472374
HandTipRight;0,2384336;-0,444388;1,441782
ThumbRight;0,1960504;-0,365962;1,465385
#
ShoulderRight;0,2219401;0,09360334;1,551115
ElbowRight;0,2529593;-0,1344078;1,567207
WristRight;0,2543796;-0,3213843;1,490552
HandRight;0,2368643;-0,3845235;1,472066
HandTipRight;0,238799;-0,443689;1,440652
ThumbRight;0,1958476;-0,366049;1,464816
#
ShoulderRight;0,2219822;0,09361127;1,551122
ElbowRight;0,2529692;-0,1344373;1,567254
WristRight;0,2543843;-0,3213831;1,49056
HandRight;0,2368791;-0,3844525;1,472158
HandTipRight;0,2395431;-0,4441572;1,441483
ThumbRight;0,1961847;-0,3675224;1,465122
#
ShoulderRight;0,2220232;0,09362447;1,551129
ElbowRight;0,2529669;-0,1344745;1,567264
WristRight;0,2543896;-0,3213898;1,49057
HandRight;0,2367648;-0,3844681;1,471843
HandTipRight;0,2384221;-0,4435357;1,44097
ThumbRight;0,1956619;-0,3657529;1,464355
#
ShoulderRight;0,2220733;0,0936383;1,551174
ElbowRight;0,2529697;-0,1344739;1,567268
WristRight;0,254391;-0,3214013;1,49058
HandRight;0,2369491;-0,3843913;1,472528
HandTipRight;0,2382702;-0,4437383;1,441365
ThumbRight;0,1960527;-0,3666432;1,46502
#
ShoulderRight;0,2220978;0,0936496;1,551179
ElbowRight;0,2529855;-0,1344548;1,567253
WristRight;0,2543869;-0,3214288;1,490571
HandRight;0,2369705;-0,3844294;1,471889
HandTipRight;0,2388345;-0,4439207;1,441608
ThumbRight;0,195673;-0,3653183;1,464588
#
ShoulderRight;0,2221385;0,09367295;1,55122
ElbowRight;0,2530138;-0,1343939;1,567268
WristRight;0,2543929;-0,32144;1,490581
HandRight;0,2369226;-0,3845288;1,472232
HandTipRight;0,2389629;-0,4442963;1,443026
ThumbRight;0,1958471;-0,3661262;1,464684
#
ShoulderRight;0,2221939;0,09367806;1,551262
ElbowRight;0,253019;-0,1343942;1,567259
WristRight;0,2543941;-0,3214501;1,490591
HandRight;0,2368107;-0,3847373;1,472045
HandTipRight;0,2379652;-0,4443882;1,442095
ThumbRight;0,1956145;-0,3658967;1,464376
#
ShoulderRight;0,222204;0,09368184;1,551264
ElbowRight;0,2530256;-0,1343978;1,567264
WristRight;0,254395;-0,3214513;1,490598
HandRight;0,2369501;-0,3849161;1,472366
HandTipRight;0,2383839;-0,4448916;1,443815
ThumbRight;0,1956361;-0,3651408;1,464702
#
ShoulderRight;0,2222362;0,09367232;1,551297
ElbowRight;0,2530316;-0,1343664;1,567274
WristRight;0,2543997;-0,3214564;1,490606
HandRight;0,2369086;-0,3847749;1,472147
HandTipRight;0,2383148;-0,4442312;1,442338
ThumbRight;0,195706;-0,3652508;1,464907
#
ShoulderRight;0,2222716;0,0936766;1,551329
ElbowRight;0,253039;-0,1343652;1,567264
WristRight;0,2543963;-0,3214723;1,490598
HandRight;0,2367331;-0,3849204;1,472269
HandTipRight;0,2385118;-0,4439124;1,441581
ThumbRight;0,1956519;-0,3659707;1,464467
#
ShoulderRight;0,2222845;0,09368559;1,55133
ElbowRight;0,2530594;-0,1343453;1,567273
WristRight;0,254394;-0,3214766;1,490606
HandRight;0,2367503;-0,3848017;1,47183
HandTipRight;0,2378091;-0,4440304;1,44216
ThumbRight;0,1959327;-0,3659548;1,464984
#
ShoulderRight;0,222289;0,09368502;1,551331
ElbowRight;0,2530668;-0,1343505;1,567263
WristRight;0,2543668;-0,3214295;1,490668
HandRight;0,2364741;-0,3847984;1,471861
HandTipRight;0,2382024;-0,4436052;1,440933
ThumbRight;0,1952111;-0,3651946;1,463593
#
ShoulderRight;0,2222932;0,09368751;1,551313
ElbowRight;0,2530814;-0,1343487;1,567212
WristRight;0,25437;-0,3214184;1,490624
HandRight;0,2363612;-0,384231;1,471204
HandTipRight;0,2376157;-0,443052;1,441077
ThumbRight;0,1953159;-0,3650622;1,463711
#
ShoulderRight;0,2223021;0,09369512;1,551314
ElbowRight;0,2530833;-0,1343392;1,567164
WristRight;0,2543683;-0,3214142;1,490619
HandRight;0,2363937;-0,3841804;1,471449
HandTipRight;0,2371957;-0,4421011;1,440804
ThumbRight;0,195629;-0,3655668;1,464468
#
ShoulderRight;0,2223038;0,09368606;1,551295
ElbowRight;0,2531093;-0,1342993;1,567107
WristRight;0,2543693;-0,3214154;1,490615
HandRight;0,2366921;-0,3840522;1,471495
HandTipRight;0,2376148;-0,4415797;1,439567
ThumbRight;0,1955792;-0,3655474;1,464311
#
ShoulderRight;0,2223055;0,09367584;1,551277
ElbowRight;0,2531603;-0,1342782;1,567092
WristRight;0,2543704;-0,3214114;1,49061
HandRight;0,2367583;-0,3839376;1,471639
HandTipRight;0,2382904;-0,4417705;1,440727
ThumbRight;0,195622;-0,3660337;1,464212
#
ShoulderRight;0,2223046;0,09367026;1,551261
ElbowRight;0,253188;-0,1342911;1,567081
WristRight;0,2543682;-0,3214025;1,490604
HandRight;0,2368087;-0,3838405;1,470961
HandTipRight;0,2381434;-0,441705;1,439854
ThumbRight;0,1950401;-0,3649083;1,463215
#
ShoulderRight;0,2223113;0,09366179;1,551243
ElbowRight;0,2532399;-0,1342717;1,567026
WristRight;0,2543799;-0,3213748;1,490558
HandRight;0,2371112;-0,3837366;1,471844
HandTipRight;0,2388878;-0,4419588;1,441236
ThumbRight;0,1954285;-0,365312;1,463917
#
ShoulderRight;0,2223399;0,09358265;1,551154
ElbowRight;0,2532712;-0,1342668;1,566915
WristRight;0,2543986;-0,3213899;1,490549
HandRight;0,2371533;-0,3835573;1,470836
HandTipRight;0,2392773;-0,4416279;1,440368
ThumbRight;0,195295;-0,3661706;1,462965
#
ShoulderRight;0,2223467;0,09355058;1,551087
ElbowRight;0,2533125;-0,1342193;1,566704
WristRight;0,2544006;-0,3214014;1,490511
HandRight;0,2372105;-0,3836045;1,470913
HandTipRight;0,2391716;-0,4414081;1,439665
ThumbRight;0,1953994;-0,3658181;1,463576
#
ShoulderRight;0,2223508;0,09341708;1,5508
ElbowRight;0,2533391;-0,1342355;1,56639
WristRight;0,2544386;-0,3214285;1,490295
HandRight;0,2367216;-0,3830658;1,469129
HandTipRight;0,2382735;-0,4408484;1,437605
ThumbRight;0,1951356;-0,366069;1,462641
#
ShoulderRight;0,2223554;0,09341242;1,550762
ElbowRight;0,253345;-0,134207;1,565964
WristRight;0,254456;-0,3214215;1,490109
HandRight;0,2368056;-0,3827992;1,468641
HandTipRight;0,2383677;-0,4410255;1,438184
ThumbRight;0,1951354;-0,364659;1,462928
#
ShoulderRight;0,2223448;0,09336683;1,550647
ElbowRight;0,2533922;-0,134162;1,565607
WristRight;0,2544345;-0,3214594;1,489644
HandRight;0,2368798;-0,3828401;1,46762
HandTipRight;0,2373714;-0,4409286;1,436466
ThumbRight;0,1951832;-0,364369;1,463083
#
ShoulderRight;0,2223471;0,09333552;1,550546
ElbowRight;0,253393;-0,1341918;1,565312
WristRight;0,2546092;-0,3213028;1,489038
HandRight;0,2374721;-0,3828983;1,466297
HandTipRight;0,2394229;-0,4406997;1,433442
ThumbRight;0,2131416;-0,4091248;1,476087
#
ShoulderRight;0,2222827;0,09327421;1,550435
ElbowRight;0,2534308;-0,1342742;1,565048
WristRight;0,2551538;-0,3210247;1,488229
HandRight;0,2396935;-0,3820495;1,46476
HandTipRight;0,239789;-0,4421483;1,432883
ThumbRight;0,2161563;-0,4042864;1,477938
#
ShoulderRight;0,222189;0,09326974;1,55033
ElbowRight;0,2536049;-0,1346177;1,564582
WristRight;0,256446;-0,3206661;1,48634
HandRight;0,2437877;-0,3809519;1,461895
HandTipRight;0,2436545;-0,4443892;1,429773
ThumbRight;0,1971722;-0,3788975;1,462229
#
ShoulderRight;0,2218788;0,09336343;1,550173
ElbowRight;0,2537377;-0,134627;1,564537
WristRight;0,2617053;-0,3178768;1,481791
HandRight;0,2577792;-0,3761299;1,44716
HandTipRight;0,2520374;-0,4441554;1,418537
ThumbRight;0,205551;-0,3687876;1,467714
#
ShoulderRight;0,2216101;0,09335979;1,550043
ElbowRight;0,2547048;-0,133605;1,565069
WristRight;0,2746261;-0,3069808;1,473187
HandRight;0,2779626;-0,3714;1,422446
HandTipRight;0,265607;-0,4384298;1,397179
ThumbRight;0,2477453;-0,3669895;1,387783
#
ShoulderRight;0,221466;0,09340773;1,55012
ElbowRight;0,2575658;-0,1295353;1,568281
WristRight;0,2884674;-0,2960717;1,466416
HandRight;0,2945485;-0,3540432;1,407134
HandTipRight;0,2929325;-0,4198389;1,369792
ThumbRight;0,2625928;-0,3456683;1,364684
#
ShoulderRight;0,2212994;0,09351619;1,550279
ElbowRight;0,2601755;-0,1256134;1,570938
WristRight;0,3048491;-0,281618;1,45726
HandRight;0,3166247;-0,3333918;1,389214
HandTipRight;0,3211054;-0,3951136;1,341324
ThumbRight;0,2836377;-0,3240418;1,338583
#
ShoulderRight;0,2142463;0,0939938;1,549031
ElbowRight;0,2629365;-0,1203103;1,574828
WristRight;0,3251401;-0,2595998;1,447569
HandRight;0,3438076;-0,3055884;1,372379
HandTipRight;0,3500399;-0,3551964;1,304085
ThumbRight;0,2995339;-0,2855595;1,28925
#
ShoulderRight;0,2156662;0,09468302;1,55113
ElbowRight;0,2669902;-0,1124083;1,578493
WristRight;0,3430619;-0,2345483;1,440951
HandRight;0,3768204;-0,2732985;1,362115
HandTipRight;0,3957975;-0,3240229;1,306072
ThumbRight;0,3480864;-0,2546508;1,30375
#
ShoulderRight;0,2165321;0,09574928;1,553836
ElbowRight;0,2712649;-0,1046575;1,581364
WristRight;0,3663838;-0,2003306;1,434569
HandRight;0,4131143;-0,2408291;1,351402
HandTipRight;0,4309231;-0,285594;1,282905
ThumbRight;0,3867836;-0,2041851;1,30275
#
ShoulderRight;0,2169186;0,09691413;1,555524
ElbowRight;0,2746756;-0,1029424;1,581359
WristRight;0,400789;-0,1725275;1,407963
HandRight;0,440716;-0,1884645;1,341834
HandTipRight;0,4593072;-0,2277001;1,250806
ThumbRight;0,4139958;-0,1529036;1,2965
#
ShoulderRight;0,2172451;0,09792738;1,557238
ElbowRight;0,2799985;-0,1008183;1,579345
WristRight;0,4035312;-0,1228431;1,424031
HandRight;0,4656219;-0,131681;1,33973
HandTipRight;0,4854004;-0,1624364;1,242972
ThumbRight;0,4025356;-0,1391307;1,308
#
ShoulderRight;0,2173065;0,09924634;1,559115
ElbowRight;0,2834441;-0,09940844;1,578093
WristRight;0,417794;-0,0912182;1,421997
HandRight;0,4809607;-0,07536753;1,347236
HandTipRight;0,523609;-0,08006512;1,285524
ThumbRight;0,4465448;-0,05302906;1,324102
#
ShoulderRight;0,2167339;0,1007213;1,560284
ElbowRight;0,2885126;-0,0972446;1,576399
WristRight;0,4335677;-0,05382817;1,419932
HandRight;0,4902854;-0,02228625;1,357533
HandTipRight;0,5389888;-0,005967663;1,315066
ThumbRight;0,5008316;0,005813749;1,343091
#
ShoulderRight;0,2163704;0,1018221;1,561283
ElbowRight;0,2925027;-0,09574144;1,575878
WristRight;0,4404628;-0,02333963;1,422805
HandRight;0,4919603;0,02364127;1,370303
HandTipRight;0,5350267;0,05452438;1,312514
ThumbRight;0,4563009;0,04930352;1,345174
#
ShoulderRight;0,2157034;0,1028146;1,561897
ElbowRight;0,305274;-0,09127711;1,569042
WristRight;0,4510366;0,01991163;1,420743
HandRight;0,4932012;0,06303853;1,378037
HandTipRight;0,5421826;0,07961641;1,301927
ThumbRight;0,5039192;0,1016346;1,366111
#
ShoulderRight;0,2152671;0,103531;1,562186
ElbowRight;0,3100151;-0,08841975;1,567739
WristRight;0,4520137;0,03660028;1,426826
HandRight;0,4909813;0,09402668;1,39202
HandTipRight;0,5353413;0,1340309;1,337436
ThumbRight;0,453373;0,1224902;1,386148
#
ShoulderRight;0,2147243;0,1040461;1,562423
ElbowRight;0,3163179;-0,08385177;1,566553
WristRight;0,4523893;0,05679025;1,434683
HandRight;0,4874992;0,1173831;1,405206
HandTipRight;0,5267726;0,1653255;1,356084
ThumbRight;0,4446009;0,1296441;1,378282
#
ShoulderRight;0,2141385;0,1045972;1,56277
ElbowRight;0,3206017;-0,08155507;1,566464
WristRight;0,4515344;0,07072763;1,442701
HandRight;0,4849572;0,1346402;1,417759
HandTipRight;0,5221087;0,1861425;1,372274
ThumbRight;0,443372;0,1573069;1,398
#
ShoulderRight;0,2133299;0,1050911;1,562953
ElbowRight;0,323696;-0,07978661;1,566611
WristRight;0,4509391;0,08143961;1,450152
HandRight;0,4827701;0,1463499;1,428364
HandTipRight;0,5185581;0,2021774;1,389086
ThumbRight;0,4406571;0,1668695;1,403904
#
ShoulderRight;0,2127988;0,1054859;1,563333
ElbowRight;0,3258478;-0,07811105;1,567022
WristRight;0,4505347;0,0870902;1,455065
HandRight;0,4824344;0,1522197;1,43668
HandTipRight;0,5179257;0,2067312;1,399714
ThumbRight;0,4387653;0,1727657;1,413259
#
ShoulderRight;0,2122224;0,1059468;1,563677
ElbowRight;0,3273583;-0,07720754;1,568123
WristRight;0,4508059;0,09116942;1,460175
HandRight;0,4836667;0,1551165;1,444077
HandTipRight;0,5191643;0,2114842;1,407758
ThumbRight;0,4376659;0,173278;1,421623
#
ShoulderRight;0,2117609;0,1063045;1,563944
ElbowRight;0,3285776;-0,07636949;1,569506
WristRight;0,451757;0,09334077;1,464517
HandRight;0,486622;0,1549795;1,45107
HandTipRight;0,5241977;0,2099331;1,418674
ThumbRight;0,4409716;0,1748979;1,425239
#
ShoulderRight;0,2114433;0,1065585;1,564387
ElbowRight;0,3291374;-0,07628989;1,571255
WristRight;0,4527979;0,09372048;1,469041
HandRight;0,4894566;0,1529778;1,45629
HandTipRight;0,5259054;0,208413;1,418832
ThumbRight;0,4449979;0,1731649;1,430451
#
ShoulderRight;0,2111762;0,1066649;1,564727
ElbowRight;0,3294055;-0,07635695;1,572129
WristRight;0,4545817;0,09309261;1,473228
HandRight;0,4937087;0,1497873;1,460703
HandTipRight;0,5332638;0,2039067;1,427183
ThumbRight;0,4493503;0,1711035;1,434638
#
ShoulderRight;0,211004;0,1067495;1,565127
ElbowRight;0,3296349;-0,07686316;1,57373
WristRight;0,4568171;0,09133308;1,477452
HandRight;0,4991537;0,145463;1,464723
HandTipRight;0,5396299;0,2007773;1,434072
ThumbRight;0,4542514;0,1667858;1,438261
#
ShoulderRight;0,2108732;0,1068449;1,565619
ElbowRight;0,3289376;-0,07769027;1,57608
WristRight;0,4597752;0,08735185;1,480922
HandRight;0,5031488;0,1376685;1,466513
HandTipRight;0,5440122;0,1905858;1,436146
ThumbRight;0,4588698;0,1605269;1,439456
#
ShoulderRight;0,2106583;0,1071122;1,566258
ElbowRight;0,3285525;-0,07899422;1,578682
WristRight;0,4630008;0,08154266;1,482848
HandRight;0,5085728;0,1274886;1,464585
HandTipRight;0,5491742;0,1797738;1,432235
ThumbRight;0,4662012;0,1543054;1,431594
#
ShoulderRight;0,2106165;0,1071367;1,566699
ElbowRight;0,3263917;-0,08202721;1,582304
WristRight;0,4666446;0,0695034;1,48383
HandRight;0,514553;0,111704;1,463006
HandTipRight;0,5588901;0,1614366;1,431851
ThumbRight;0,4728864;0,1397464;1,426871
#
ShoulderRight;0,2106441;0,1072933;1,567482
ElbowRight;0,3234919;-0,08557355;1,585801
WristRight;0,4716349;0,05406849;1,484638
HandRight;0,5219738;0,09188041;1,460526
HandTipRight;0,5710976;0,1369091;1,43021
ThumbRight;0,4824917;0,1248614;1,41335
#
ShoulderRight;0,2108086;0,1074019;1,568096
ElbowRight;0,3194008;-0,08877914;1,586917
WristRight;0,476234;0,03303789;1,483058
HandRight;0,5278019;0,0673642;1,457527
HandTipRight;0,5792693;0,1054864;1,420228
ThumbRight;0,4904426;0,1013685;1,414258
#
ShoulderRight;0,2107848;0,1073588;1,568126
ElbowRight;0,3101438;-0,09463894;1,588265
WristRight;0,4767826;0,008524228;1,479338
HandRight;0,5310595;0,04101691;1,452719
HandTipRight;0,5868735;0,0732339;1,410469
ThumbRight;0,4996974;0,07879097;1,40924
#
ShoulderRight;0,210925;0,1069336;1,568304
ElbowRight;0,3007677;-0,1022284;1,590307
WristRight;0,4754525;-0,01526241;1,476819
HandRight;0,5307927;0,01314942;1,447546
HandTipRight;0,5883532;0,04335273;1,406355
ThumbRight;0,5007015;0,05036477;1,405766
#
ShoulderRight;0,2111189;0,1064863;1,568471
ElbowRight;0,2923318;-0,1082405;1,59157
WristRight;0,472489;-0,03696754;1,47398
HandRight;0,5303508;-0,01444523;1,442366
HandTipRight;0,591827;0,0115142;1,406242
ThumbRight;0,4979883;0,02306552;1,400444
#
ShoulderRight;0,2112763;0,1060009;1,568733
ElbowRight;0,2879753;-0,1115193;1,591246
WristRight;0,4683012;-0,0583653;1,471627
HandRight;0,5306554;-0,03922362;1,437529
HandTipRight;0,5955456;-0,02175087;1,401682
ThumbRight;0,5001789;-0,0008979116;1,395024
#
ShoulderRight;0,211453;0,1054986;1,56909
ElbowRight;0,2857538;-0,1148721;1,589032
WristRight;0,4710122;-0,0709457;1,466995
HandRight;0,5325233;-0,0606941;1,432268
HandTipRight;0,5949948;-0,04296247;1,39512
ThumbRight;0,5014871;-0,02222473;1,391461
#
ShoulderRight;0,2116548;0,1049982;1,569286
ElbowRight;0,2840579;-0,1175584;1,586263
WristRight;0,4735446;-0,08502983;1,462011
HandRight;0,5347835;-0,07776941;1,427184
HandTipRight;0,5890241;-0,06634367;1,378758
ThumbRight;0,5013655;-0,03985151;1,390756
#
ShoulderRight;0,2120613;0,1041503;1,569513
ElbowRight;0,2835041;-0,1186302;1,584578
WristRight;0,4718006;-0,09481839;1,460942
HandRight;0,5374996;-0,09049604;1,42472
HandTipRight;0,5925643;-0,07998947;1,378769
ThumbRight;0,5060182;-0,05105062;1,39104
#
ShoulderRight;0,2124003;0,1034061;1,56957
ElbowRight;0,2828209;-0,1193622;1,58322
WristRight;0,4725347;-0,1010924;1,45904
HandRight;0,5386136;-0,09751204;1,423259
HandTipRight;0,5945526;-0,08869217;1,380653
ThumbRight;0,5092165;-0,0583651;1,38866
#
ShoulderRight;0,2127027;0,1027982;1,56973
ElbowRight;0,2828508;-0,1198156;1,581828
WristRight;0,4730512;-0,1035021;1,458279
HandRight;0,5411321;-0,09764547;1,4221
HandTipRight;0,5962959;-0,08947524;1,379569
ThumbRight;0,5132843;-0,05880605;1,383903
#
ShoulderRight;0,2128764;0,1024862;1,569833
ElbowRight;0,2835225;-0,1199109;1,580379
WristRight;0,4732207;-0,1035781;1,457978
HandRight;0,5412329;-0,08932427;1,421869
HandTipRight;0,5965838;-0,08300963;1,378136
ThumbRight;0,521604;-0,05129886;1,37935
#
ShoulderRight;0,2129484;0,1023501;1,570058
ElbowRight;0,2842752;-0,1192732;1,579343
WristRight;0,4767912;-0,09986147;1,456541
HandRight;0,5432402;-0,07689046;1,422536
HandTipRight;0,6002353;-0,06928299;1,376553
ThumbRight;0,5038173;-0,04759344;1,389528
#
ShoulderRight;0,2129924;0,1023521;1,570137
ElbowRight;0,2858579;-0,1178179;1,578154
WristRight;0,4815704;-0,08942515;1,454888
HandRight;0,5433223;-0,05960355;1,4239
HandTipRight;0,6067029;-0,04716577;1,383577
ThumbRight;0,5198411;-0,02010023;1,386167
#
ShoulderRight;0,2130229;0,1025336;1,570457
ElbowRight;0,2868259;-0,1168005;1,577808
WristRight;0,4831891;-0,06961178;1,45634
HandRight;0,5426517;-0,03338561;1,426642
HandTipRight;0,6084265;-0,01862874;1,393974
ThumbRight;0,5130242;0,004084135;1,403489
#
ShoulderRight;0,2129262;0,1028049;1,57091
ElbowRight;0,2882071;-0,1145519;1,577801
WristRight;0,4766842;-0,04807166;1,461871
HandRight;0,5390607;-0,0009900294;1,431599
HandTipRight;0,6055707;0,02823849;1,404719
ThumbRight;0,5076608;0,03501039;1,40737
#
ShoulderRight;0,2127954;0,1030829;1,571175
ElbowRight;0,2923566;-0,109235;1,577205
WristRight;0,4709317;-0,01016233;1,466762
HandRight;0,5297486;0,04007063;1,437407
HandTipRight;0,5930362;0,07606788;1,405916
ThumbRight;0,4980112;0,07657407;1,414154
#
ShoulderRight;0,2126705;0,1033298;1,571518
ElbowRight;0,2972833;-0,1053254;1,577619
WristRight;0,462827;0,03206471;1,471962
HandRight;0,5106757;0,08322217;1,447545
HandTipRight;0,5695461;0,1361903;1,427261
ThumbRight;0,516766;0,1206863;1,478167
#
ShoulderRight;0,2125414;0,1037658;1,571872
ElbowRight;0,3011756;-0,1016105;1,578736
WristRight;0,4448947;0,063789;1,482613
HandRight;0,4783151;0,1236727;1,459865
HandTipRight;0,530496;0,1853263;1,421919
ThumbRight;0,4836086;0,1661455;1,477857
#
ShoulderRight;0,2124779;0,1045655;1,572416
ElbowRight;0,3084924;-0,09533659;1,579808
WristRight;0,4205521;0,1015134;1,495435
HandRight;0,4448494;0,1633151;1,477151
HandTipRight;0,4780347;0,223748;1,452749
ThumbRight;0,4317052;0,1997837;1,507333
#
ShoulderRight;0,2126163;0,1051187;1,572962
ElbowRight;0,3213231;-0,0902547;1,581133
WristRight;0,396726;0,1233713;1,507256
HandRight;0,4081697;0,1969009;1,498129
HandTipRight;0,4225006;0,2726635;1,467295
ThumbRight;0,3758642;0,219923;1,521
#
ShoulderRight;0,2127884;0,1059574;1,573501
ElbowRight;0,3342647;-0,08112761;1,577893
WristRight;0,3741831;0,1732329;1,5195
HandRight;0,3719586;0,2183844;1,517922
HandTipRight;0,3709066;0,2884802;1,498897
ThumbRight;0,3364694;0,2365433;1,535572
#
ShoulderRight;0,2139042;0,1079998;1,575211
ElbowRight;0,3515479;-0,06222455;1,569173
WristRight;0,3642957;0,1779959;1,522776
HandRight;0,3391915;0,2361782;1,535674
HandTipRight;0,3197055;0,3012892;1,531354
ThumbRight;0,3077473;0,2219622;1,554333
#
ShoulderRight;0,2176934;0,113258;1,578346
ElbowRight;0,3691629;-0,007772394;1,563682
WristRight;0,3454639;0,1897861;1,529892
HandRight;0,3184941;0,2436216;1,543221
HandTipRight;0,2921827;0,3080239;1,535492
ThumbRight;0,282461;0,2252508;1,5579
#
ShoulderRight;0,2198103;0,1163414;1,579804
ElbowRight;0,3684734;-0,008228721;1,563372
WristRight;0,3411738;0,1913213;1,531543
HandRight;0,3096228;0,2438952;1,545509
HandTipRight;0,2817387;0,3088564;1,534624
ThumbRight;0,2757466;0,2313244;1,562389
#
ShoulderRight;0,2203952;0,1172207;1,580382
ElbowRight;0,3682578;-0,008324143;1,563351
WristRight;0,3401432;0,1903556;1,531836
HandRight;0,3132191;0,2430537;1,543251
HandTipRight;0,2880633;0,3074693;1,533624
ThumbRight;0,2623773;0,223222;1,528715
#
ShoulderRight;0,220245;0,1170831;1,580338
ElbowRight;0,3676651;-0,008995367;1,5635
WristRight;0,3411297;0,1887285;1,530929
HandRight;0,3277183;0,2391412;1,534211
HandTipRight;0,304276;0,3009813;1,522295
ThumbRight;0,2781167;0,2174001;1,519869
#
ShoulderRight;0,2197486;0,1165052;1,5805
ElbowRight;0,3518625;-0,02568326;1,57182
WristRight;0,3483816;0,183598;1,52678
HandRight;0,3484686;0,2316358;1,525401
HandTipRight;0,3288094;0,2971614;1,508523
ThumbRight;0,2913648;0,2301659;1,49225
#
ShoulderRight;0,2189367;0,1153985;1,580209
ElbowRight;0,3464539;-0,03093489;1,5731
WristRight;0,365757;0,1707625;1,517859
HandRight;0,3706869;0,2138509;1,513418
HandTipRight;0,3653632;0,2827629;1,491285
ThumbRight;0,3479526;0,2454178;1,52504
#
ShoulderRight;0,2182398;0,1143517;1,579817
ElbowRight;0,3403873;-0,03639356;1,575554
WristRight;0,3849283;0,1461539;1,512978
HandRight;0,3927353;0,2018627;1,505379
HandTipRight;0,3889923;0,2721644;1,479686
ThumbRight;0,3387368;0,2001125;1,488364
#
ShoulderRight;0,2178128;0,1128653;1,579275
ElbowRight;0,3351322;-0,04160048;1,576799
WristRight;0,3948168;0,1457589;1,510161
HandRight;0,4123436;0,1857821;1,500181
HandTipRight;0,4211169;0,2544932;1,468146
ThumbRight;0,3573469;0,1909789;1,476478
#
ShoulderRight;0,2176955;0,1119078;1,578923
ElbowRight;0,3293203;-0,04664505;1,57832
WristRight;0,4196464;0,1115115;1,50462
HandRight;0,4335405;0,1655733;1,496868
HandTipRight;0,44417;0,2339495;1,463861
ThumbRight;0,3786604;0,1788556;1,470948
#
ShoulderRight;0,21776;0,1107473;1,578594
ElbowRight;0,3170349;-0,05556223;1,582206
WristRight;0,419562;0,09452942;1,507635
HandRight;0,4527943;0,142561;1,49369
HandTipRight;0,479169;0,2037556;1,45744
ThumbRight;0,4004734;0,1646036;1,466733
#
ShoulderRight;0,2180341;0,109058;1,578261
ElbowRight;0,29898;-0,1162183;1,591955
WristRight;0,4318177;0,06190933;1,506297
HandRight;0,4698043;0,1147941;1,490867
HandTipRight;0,4956884;0,1791559;1,456254
ThumbRight;0,4165646;0,1445131;1,447143
#
ShoulderRight;0,218;0,1089829;1,578218
ElbowRight;0,2979735;-0,118664;1,593099
WristRight;0,4416889;0,04380003;1,5034
HandRight;0,4867649;0,08407672;1,486037
HandTipRight;0,5212788;0,1408665;1,437025
ThumbRight;0,4342848;0,1174799;1,443222
#
ShoulderRight;0,2183952;0,1077623;1,578145
ElbowRight;0,2905004;-0,1213965;1,593555
WristRight;0,4527538;0,001524487;1,497953
HandRight;0,5033;0,04771268;1,481775
HandTipRight;0,5553024;0,09850994;1,445789
ThumbRight;0,4547664;0,08471746;1,439421
#
ShoulderRight;0,2187307;0,1069547;1,577829
ElbowRight;0,2807202;-0,1243057;1,596085
WristRight;0,4583207;-0,0268397;1,49589
HandRight;0,5175337;0,006107149;1,475951
HandTipRight;0,5785786;0,05153911;1,445366
ThumbRight;0,473877;0,04919181;1,434857
#
ShoulderRight;0,2191363;0,1059881;1,577534
ElbowRight;0,2776488;-0,1267785;1,596472
WristRight;0,46348;-0,06432859;1,495839
HandRight;0,5301983;-0,03744971;1,471825
HandTipRight;0,6029925;-0,001457274;1,451797
ThumbRight;0,5042131;0,01556066;1,420357
#
ShoulderRight;0,2197366;0,1046978;1,577071
ElbowRight;0,2758836;-0,1291155;1,597171
WristRight;0,4730192;-0,1031435;1,491418
HandRight;0,5358106;-0,08608066;1,468581
HandTipRight;0,6004259;-0,05507079;1,444554
ThumbRight;0,5109462;-0,03342039;1,421385
#
ShoulderRight;0,2205934;0,1030966;1,576446
ElbowRight;0,2694089;-0,1297093;1,597839
WristRight;0,4647291;-0,1389347;1,493458
HandRight;0,5283032;-0,1376367;1,469568
HandTipRight;0,58437;-0,134278;1,453302
ThumbRight;0,5144083;-0,08359299;1,419625
#
ShoulderRight;0,2212542;0,1017482;1,575807
ElbowRight;0,2681214;-0,1319243;1,595349
WristRight;0,4497206;-0,1737688;1,50324
HandRight;0,5171122;-0,1859288;1,477593
HandTipRight;0,5781334;-0,1879196;1,458239
ThumbRight;0,4891512;-0,1361343;1,426
#
ShoulderRight;0,2218686;0,100745;1,575173
ElbowRight;0,2504177;-0,1330493;1,602291
WristRight;0,4392357;-0,2022498;1,508086
HandRight;0,5081879;-0,2294208;1,485965
HandTipRight;0,5656915;-0,2514496;1,472538
ThumbRight;0,5139609;-0,1857652;1,439556
#
ShoulderRight;0,2224051;0,0998743;1,574327
ElbowRight;0,2743242;-0,1278649;1,588042
WristRight;0,4343282;-0,2359366;1,511588
HandRight;0,4996536;-0,2702937;1,492884
HandTipRight;0,563482;-0,307289;1,495498
ThumbRight;0,5211957;-0,3031104;1,418091
#
ShoulderRight;0,2227898;0,09851503;1,572859
ElbowRight;0,2769531;-0,1319001;1,585119
WristRight;0,4295624;-0,2728031;1,51555
HandRight;0,4869731;-0,3071417;1,505115
HandTipRight;0,54784;-0,3498602;1,505791
ThumbRight;0,4938665;-0,2641088;1,448211
#
ShoulderRight;0,2231501;0,09731882;1,571575
ElbowRight;0,2768266;-0,1354536;1,583499
WristRight;0,4197106;-0,3007045;1,522861
HandRight;0,4682934;-0,3348698;1,514253
HandTipRight;0,5225489;-0,3868567;1,508028
ThumbRight;0,4771584;-0,292685;1,449385
#
ShoulderRight;0,2233152;0,09664955;1,570556
ElbowRight;0,274994;-0,1385381;1,581773
WristRight;0,4014501;-0,3129584;1,529589
HandRight;0,4479856;-0,3561058;1,519397
HandTipRight;0,5008435;-0,4061006;1,508042
ThumbRight;0,4582588;-0,3112317;1,414
#
ShoulderRight;0,223471;0,09604114;1,569568
ElbowRight;0,2724802;-0,1400734;1,580408
WristRight;0,3825288;-0,3194324;1,534825
HandRight;0,42719;-0,3701426;1,525292
HandTipRight;0,467254;-0,430952;1,517697
ThumbRight;0,4460943;-0,3289298;1,45125
#
ShoulderRight;0,2234709;0,09513988;1,567953
ElbowRight;0,2698848;-0,142428;1,579325
WristRight;0,3718591;-0,3239502;1,537209
HandRight;0,4139009;-0,3816824;1,527413
HandTipRight;0,4533296;-0,4377319;1,510584
ThumbRight;0,4354608;-0,3443159;1,46428
#
ShoulderRight;0,2234702;0,09450958;1,567112
ElbowRight;0,2683697;-0,1441037;1,578235
WristRight;0,3660895;-0,3288952;1,537814
HandRight;0,4052938;-0,3859934;1,527931
HandTipRight;0,4417614;-0,4492772;1,504725
ThumbRight;0,427638;-0,3504758;1,47404
#
ShoulderRight;0,2234198;0,0941033;1,566316
ElbowRight;0,2671275;-0,1447995;1,576646
WristRight;0,3641439;-0,3298272;1,536974
HandRight;0,4049797;-0,3861772;1,523722
HandTipRight;0,4446623;-0,4422239;1,499222
ThumbRight;0,425958;-0,3514283;1,475816
#
ShoulderRight;0,2233073;0,09371003;1,565479
ElbowRight;0,267071;-0,1456413;1,575149
WristRight;0,364152;-0,3298664;1,535369
HandRight;0,4083377;-0,3790812;1,518935
HandTipRight;0,4474182;-0,4422321;1,49998
ThumbRight;0,4306196;-0,3448626;1,475271
#
ShoulderRight;0,2232251;0,09350363;1,565057
ElbowRight;0,2671888;-0,1454465;1,574482
WristRight;0,3693507;-0,3253183;1,528752
HandRight;0,4188897;-0,3674408;1,51128
HandTipRight;0,4660803;-0,4318687;1,497371
ThumbRight;0,4336394;-0,3289367;1,472872
#
ShoulderRight;0,2232144;0,0932944;1,564827
ElbowRight;0,2686604;-0,1452816;1,573095
WristRight;0,3853312;-0,3148031;1,515639
HandRight;0,442696;-0,3514305;1,497671
HandTipRight;0,4922332;-0,4059398;1,489221
ThumbRight;0,4591984;-0,314034;1,455448
#
ShoulderRight;0,2231874;0,09318677;1,564735
ElbowRight;0,2717362;-0,1416486;1,571013
WristRight;0,4018501;-0,297329;1,501564
HandRight;0,4679174;-0,3277295;1,479628
HandTipRight;0,5194685;-0,3754978;1,467163
ThumbRight;0,4924831;-0,3503399;1,407333
#
ShoulderRight;0,2231563;0,09318762;1,564743
ElbowRight;0,2755938;-0,1356102;1,570449
WristRight;0,429598;-0,2695693;1,48347
HandRight;0,4838661;-0,2942168;1,462526
HandTipRight;0,5358905;-0,3342007;1,449955
ThumbRight;0,4530166;-0,3294165;1,36775
#
ShoulderRight;0,2231152;0,09316761;1,564853
ElbowRight;0,2767449;-0,121518;1,572559
WristRight;0,4224154;-0,2169298;1,481675
HandRight;0,4968612;-0,2457921;1,447677
HandTipRight;0,555133;-0,2698358;1,420205
ThumbRight;0,442619;-0,2627327;1,382545
#
ShoulderRight;0,22305;0,09336969;1,565106
ElbowRight;0,2581972;-0,1216858;1,579994
WristRight;0,4240319;-0,1883667;1,477345
HandRight;0,5071413;-0,1938832;1,435286
HandTipRight;0,5668582;-0,1961142;1,407345
ThumbRight;0,5010289;-0,1591648;1,399542
#
ShoulderRight;0,2229038;0,09365615;1,565365
ElbowRight;0,2571742;-0,1220002;1,581017
WristRight;0,4370938;-0,1432761;1,466809
HandRight;0,5165183;-0,1364208;1,426217
HandTipRight;0,572717;-0,1234317;1,393298
ThumbRight;0,4966999;-0,1066316;1,39344
#
ShoulderRight;0,2225752;0,09444346;1,565865
ElbowRight;0,2592059;-0,1218895;1,580652
WristRight;0,4510861;-0,1036943;1,458457
HandRight;0,5224862;-0,07687815;1,421359
HandTipRight;0,5838812;-0,04749013;1,401904
ThumbRight;0,5200698;-0,04320313;1,418948
#
ShoulderRight;0,221028;0,09819313;1,568121
ElbowRight;0,2611882;-0,1221154;1,580976
WristRight;0,4568971;-0,06128611;1,454754
HandRight;0,5182711;-0,02223347;1,425211
HandTipRight;0,5875413;0,01855702;1,411253
ThumbRight;0,492164;0,02288603;1,39125
#
ShoulderRight;0,2203353;0,1002017;1,569379
ElbowRight;0,2722764;-0,1202892;1,578495
WristRight;0,4575392;-0,01865078;1,455098
HandRight;0,5079335;0,03102819;1,428383
HandTipRight;0,5647112;0,08253874;1,40833
ThumbRight;0,4712635;0,07512501;1,390273
#
ShoulderRight;0,2203506;0,1003094;1,569359
ElbowRight;0,2849807;-0,1188615;1,573982
WristRight;0,4483958;0,01922353;1,45735
HandRight;0,4909723;0,07613266;1,434149
HandTipRight;0,543561;0,1292991;1,400571
ThumbRight;0,4475263;0,1173153;1,392933
#
ShoulderRight;0,2198037;0,1016769;1,569978
ElbowRight;0,2929376;-0,1147521;1,571448
WristRight;0,4371245;0,04813173;1,465179
HandRight;0,4677452;0,1132042;1,444322
HandTipRight;0,5076823;0,1736216;1,403035
ThumbRight;0,4553855;0,1437984;1,460333
#
ShoulderRight;0,2197477;0,1019608;1,569717
ElbowRight;0,3002319;-0,111258;1,570576
WristRight;0,4218982;0,07310452;1,473113
HandRight;0,4419518;0,1402015;1,454525
HandTipRight;0,4768042;0,2030387;1,404016
ThumbRight;0,4281005;0,1714083;1,483625
#
ShoulderRight;0,2198453;0,1022118;1,569491
ElbowRight;0,3074365;-0,1108411;1,571231
WristRight;0,4075001;0,08725321;1,479073
HandRight;0,4168537;0,1593722;1,466608
HandTipRight;0,4357223;0,2284312;1,420084
ThumbRight;0,3901264;0,1852306;1,484273
#
ShoulderRight;0,2199942;0,1024974;1,569273
ElbowRight;0,3248237;-0,09416582;1,55661
WristRight;0,3924614;0,0967903;1,488586
HandRight;0,3925639;0,169616;1,478384
HandTipRight;0,402101;0,2440973;1,438687
ThumbRight;0,360337;0,1756163;1,50465
#
ShoulderRight;0,2203449;0,1029335;1,569134
ElbowRight;0,3252163;-0,09407855;1,556729
WristRight;0,373284;0,1444372;1,494126
HandRight;0,3738667;0,1774077;1,487371
HandTipRight;0,3864152;0,2511919;1,454492
ThumbRight;0,3475836;0,2084836;1,525857
#
ShoulderRight;0,2210889;0,103814;1,569102
ElbowRight;0,3265942;-0,09338038;1,556394
WristRight;0,3712556;0,1458645;1,493914
HandRight;0,3617392;0,1825478;1,491707
HandTipRight;0,3652767;0,2570536;1,470005
ThumbRight;0,3318687;0,1985502;1,5204
#
ShoulderRight;0,2215358;0,104121;1,569084
ElbowRight;0,3276026;-0,0934877;1,556488
WristRight;0,3691079;0,1466089;1,493113
HandRight;0,3577584;0,1818608;1,491728
HandTipRight;0,3614895;0,2570686;1,472585
ThumbRight;0,3015327;0,1835474;1,482606
#
ShoulderRight;0,2217067;0,1044872;1,568982
ElbowRight;0,3274954;-0,09419729;1,556884
WristRight;0,3681688;0,1460623;1,491889
HandRight;0,3615238;0,176199;1,485726
HandTipRight;0,3657232;0,2496115;1,460607
ThumbRight;0,3288606;0,1974167;1,51025
#
ShoulderRight;0,2217326;0,1046485;1,568764
ElbowRight;0,3258592;-0,09641816;1,557846
WristRight;0,3683721;0,09394975;1,487352
HandRight;0,3734697;0,1650815;1,476345
HandTipRight;0,3798211;0,2396059;1,443047
ThumbRight;0,3114442;0,1653412;1,435357
#
ShoulderRight;0,2217369;0,1046499;1,568612
ElbowRight;0,3257698;-0,09780384;1,557905
WristRight;0,3739131;0,0910699;1,485221
HandRight;0,3907817;0,1513816;1,466826
HandTipRight;0,4005286;0,2232839;1,428138
ThumbRight;0,4115714;0,2081974;1,3925
#
ShoulderRight;0,2213474;0,1049277;1,568904
ElbowRight;0,3244381;-0,09919954;1,55693
WristRight;0,3898093;0,07610479;1,477942
HandRight;0,4112792;0,1357796;1,455198
HandTipRight;0,4300547;0,2038527;1,397522
ThumbRight;0,347202;0,147382;1,400923
#
ShoulderRight;0,2213652;0,1048026;1,568584
ElbowRight;0,3062493;-0,1226014;1,576487
WristRight;0,4073606;0,05743866;1,468684
HandRight;0,4355395;0,1124578;1,44333
HandTipRight;0,4647518;0,1784424;1,403591
ThumbRight;0,3716282;0,1350607;1,382455
#
ShoulderRight;0,2210651;0,1050197;1,568796
ElbowRight;0,3015191;-0,1272243;1,580822
WristRight;0,423169;0,03846793;1,461669
HandRight;0,4557284;0,08453948;1,43428
HandTipRight;0,4949908;0,1423937;1,390887
ThumbRight;0,3930638;0,1106517;1,365308
#
ShoulderRight;0,2208664;0,105144;1,568999
ElbowRight;0,2930682;-0,1336232;1,587489
WristRight;0,4370714;0,004722522;1,456717
HandRight;0,4749998;0,04869815;1,431038
HandTipRight;0,5199011;0,1055266;1,385057
ThumbRight;0,422669;0,08070845;1,38044
#
ShoulderRight;0,2211529;0,1046224;1,568775
ElbowRight;0,2934389;-0,1332386;1,58085
WristRight;0,4445047;-0,02298807;1,453091
HandRight;0,4899081;0,01271975;1,427039
HandTipRight;0,5413076;0,06600666;1,396377
ThumbRight;0,4430594;0,0472553;1,378555
#
ShoulderRight;0,2216155;0,1036178;1,568357
ElbowRight;0,2878734;-0,1017375;1,574135
WristRight;0,4493591;-0,06060605;1,453741
HandRight;0,5018451;-0,02681012;1,425299
HandTipRight;0,5677611;0,01328285;1,400477
ThumbRight;0,4586889;0,01159841;1,375929
#
ShoulderRight;0,2220549;0,1024227;1,56763
ElbowRight;0,281371;-0,1363405;1,56945
WristRight;0,450217;-0,09019439;1,456145
HandRight;0,5071543;-0,06722137;1,424321
HandTipRight;0,5735984;-0,02873121;1,401112
ThumbRight;0,4657188;-0,02917643;1,375875
#
ShoulderRight;0,2225424;0,1011329;1,567196
ElbowRight;0,2632626;-0,1428488;1,581918
WristRight;0,4455912;-0,1277767;1,460048
HandRight;0,5109218;-0,1108849;1,424097
HandTipRight;0,5695109;-0,08680611;1,378163
ThumbRight;0,4758745;-0,07037087;1,377833
#
ShoulderRight;0,2230844;0,09964794;1,566813
ElbowRight;0,2609715;-0,1437472;1,583774
WristRight;0,4491374;-0,1524863;1,460532
HandRight;0,5092508;-0,1574439;1,427254
HandTipRight;0,5737547;-0,1409707;1,401677
ThumbRight;0,4938149;-0,1113561;1,373304
#
ShoulderRight;0,2236124;0,09861423;1,566693
ElbowRight;0,2582511;-0,1437453;1,58467
WristRight;0,4424443;-0,187027;1,466403
HandRight;0,5032874;-0,202936;1,432723
HandTipRight;0,5725082;-0,1955297;1,402072
ThumbRight;0,4762885;-0,1450723;1,333333
#
ShoulderRight;0,2240428;0,09789044;1,566605
ElbowRight;0,2575133;-0,1440405;1,585029
WristRight;0,4263124;-0,2195847;1,476575
HandRight;0,4957364;-0,2464518;1,440673
HandTipRight;0,5655671;-0,252144;1,405339
ThumbRight;0,4672092;-0,198891;1,384529
#
ShoulderRight;0,2243809;0,09722339;1,566285
ElbowRight;0,2569305;-0,1457212;1,583887
WristRight;0,4193365;-0,242389;1,482446
HandRight;0,4885692;-0,2838259;1,45091
HandTipRight;0,5516973;-0,304517;1,42286
ThumbRight;0,4795155;-0,2323702;1,358572
#
ShoulderRight;0,2247084;0,09660134;1,565882
ElbowRight;0,2566638;-0,1500266;1,578885
WristRight;0,4321109;-0,2932712;1,479968
HandRight;0,479045;-0,3152654;1,463286
HandTipRight;0,5352018;-0,3574441;1,440435
ThumbRight;0,4768656;-0,2613268;1,387429
#
ShoulderRight;0,2248805;0,09589346;1,565029
ElbowRight;0,2672292;-0,1453185;1,574242
WristRight;0,425746;-0,2995043;1,484303
HandRight;0,4702205;-0,3348324;1,470651
HandTipRight;0,519329;-0,3783113;1,43692
ThumbRight;0,469521;-0,281767;1,401824
#
ShoulderRight;0,2250302;0,09487125;1,564435
ElbowRight;0,2690518;-0,1451738;1,573058
WristRight;0,4174295;-0,3062931;1,489318
HandRight;0,4618461;-0,344034;1,473805
HandTipRight;0,506241;-0,3899262;1,44468
ThumbRight;0,4709423;-0,2976027;1,405188
#
ShoulderRight;0,2250247;0,09434827;1,563921
ElbowRight;0,2694843;-0,1446693;1,572456
WristRight;0,4102534;-0,3077604;1,491408
HandRight;0,4572561;-0,3463835;1,473057
HandTipRight;0,5007952;-0,3908672;1,443355
ThumbRight;0,4644808;-0,2999275;1,420042
#
ShoulderRight;0,2251007;0,09406918;1,563777
ElbowRight;0,2698968;-0,1442139;1,571969
WristRight;0,4077548;-0,3067558;1,49127
HandRight;0,4588776;-0,3401198;1,469871
HandTipRight;0,502875;-0,3871289;1,43519
ThumbRight;0,4698852;-0,3009887;1,418542
#
ShoulderRight;0,225107;0,09393855;1,563741
ElbowRight;0,2702733;-0,1409505;1,570544
WristRight;0,4059162;-0,3009825;1,488633
HandRight;0,4665922;-0,3273059;1,462306
HandTipRight;0,5111356;-0,3711813;1,419597
ThumbRight;0,4742617;-0,2917547;1,411091
#
ShoulderRight;0,2251129;0,09379674;1,563814
ElbowRight;0,2717536;-0,1385485;1,569332
WristRight;0,416262;-0,2865593;1,478856
HandRight;0,4774521;-0,3073538;1,452125
HandTipRight;0,5229461;-0,3548877;1,418186
ThumbRight;0,493421;-0,2888345;1,395613
#
